episode,step,reward,success,final_distance
1,250,-201.57337050087443,0,0.16248333334272974
2,500,-128.66841056026885,0,0.23217894530657823
3,610,-112.3320856191199,1,0.03706702645959598
4,860,-206.48002251348828,0,0.2918510754244222
5,1110,-173.47788677055945,0,0.4222278896291672
6,1360,-148.23533179655675,0,0.17683663125398008
7,1492,-23.829252399363796,1,0.04082626405138704
8,1742,-176.73706772656672,0,0.279254800753184
9,1992,-246.53808461759664,0,0.6296336292593602
10,2242,-97.97161884387945,0,0.18781551629482948
11,2492,-182.39704145227086,0,0.5300286359985079
12,2742,-170.1068036953712,0,0.32851277472342844
13,2793,-35.97083168514098,1,0.02094342494714339
14,3043,-238.58759294111078,0,0.487565299601671
15,3110,-85.50913592433568,1,0.03296736479387337
16,3360,-144.42606861232557,0,0.30041085314164795
17,3610,-277.2650924744888,0,0.808100819070837
18,3860,-303.16026217435143,0,0.7516847095941566
19,3937,-114.08928512543758,1,0.04457507907805806
20,4133,-128.1913430415416,1,0.04901011266168855
21,4383,-75.24282319790879,0,0.09668106726942446
22,4633,-194.24332914386542,0,0.4426939504452411
23,4883,-173.68779731825506,0,0.4968785765271935
24,5133,-323.79133119543843,0,0.9619829034822285
25,5383,-172.58835578700612,0,0.1546988048925921
26,5633,-162.96482226253644,0,0.23661505765863838
27,5883,-191.31814204775296,0,0.5612653009095395
28,6133,-307.4833548891412,0,0.8892564623243823
29,6383,-235.4476260814867,0,0.6684843411747368
30,6457,-100.83482469983981,1,0.02646468454091834
31,6580,-134.04127236826665,1,0.044212562682022734
32,6830,-191.60506384473686,0,0.33932706067786567
33,7080,-154.50617638034257,0,0.08103521644321184
34,7330,-153.98709922972364,0,0.20358426709761326
35,7580,-213.38768440468817,0,0.6108831607356983
36,7830,-114.98678206473954,0,0.19299333392537454
37,8080,-241.19385612723465,0,0.2811932288746927
38,8330,-141.399078083644,0,0.35896160870697125
39,8580,-194.76582990627392,0,0.5579096004539901
40,8830,-142.16492132094612,0,0.13026183951144027
41,9080,-144.548428628054,0,0.13556505304799144
42,9330,-137.4998212812328,0,0.22040861944143442
43,9580,-162.53021252894544,0,0.28755374005837103
44,9671,-75.40485216452726,1,0.016159288912788568
45,9921,-146.50938643927685,0,0.08565256273744337
46,9990,-74.33839614673515,1,0.01947745271274276
47,10240,-196.36939753036248,0,0.23287374824494025
48,10481,-80.4419078395926,1,0.02519208192010138
49,10731,-86.90385593046251,0,0.20395551199066989
50,10881,-34.44387031012348,1,0.04837125422124047
51,11131,-113.93268078881435,0,0.07972798270275906
52,11381,-144.29997996407707,0,0.19659204752014106
53,11631,-185.17397260784236,0,0.45001651930933734
54,11881,-178.1789121544932,0,0.2128757509035782
55,12131,-106.59312481190076,0,0.22767184186617664
56,12304,-51.35906177892082,1,0.04961563881817746
57,12554,-225.49490987630182,0,0.2890442597927304
58,12804,-143.3977674753806,0,0.13533054650626036
59,13054,-140.76995989389783,0,0.18615643484670455
60,13304,-182.25682010279544,0,0.16849199396487177
61,13485,-97.24571232517201,1,0.03769884608785519
62,13735,-80.47875089932268,0,0.15009921623022332
63,13985,-90.6619152676827,0,0.25439127856234667
64,14063,-69.57108684199147,1,0.041809306264300496
65,14313,-96.5800398255739,0,0.1827350905434109
66,14563,-91.99252711671753,0,0.33697528379346353
67,14620,-19.25764282461908,1,0.009176470419079576
68,14870,-196.5801549299901,0,0.20934577941597307
69,15120,-76.3976872501741,0,0.17996426535140628
70,15370,-93.03081887933173,0,0.13284378981549538
71,15430,-70.22646191450085,1,0.04174882490412993
72,15680,-119.66868015101568,0,0.09220536600467084
73,15930,-198.81189914802704,0,0.28987712391723236
74,16180,-93.60706591565337,0,0.24657532316930594
75,16430,-90.8097269393333,0,0.08243124446584207
76,16680,-111.9540884234317,0,0.23226909876518892
77,16725,-21.077988991971576,1,0.02688934719551358
78,16854,-90.0105862923605,1,0.0482882113959815
79,17104,-108.11987368340613,0,0.20274055974899152
80,17152,-24.10334857718687,1,0.049357210769768387
81,17402,-72.07627521182518,0,0.1163438994364747
82,17652,-85.67162378230623,0,0.13179514425807204
83,17902,-89.74223166488788,0,0.2143898662067142
84,18152,-216.6960847822956,0,0.19611048486583058
85,18402,-205.64584117702927,0,0.5341908219768682
86,18652,-167.47939051660902,0,0.32495525716145984
87,18902,-182.72276446395838,0,0.1381280938242701
88,19152,-77.32433149090413,0,0.1289845763486355
89,19205,-43.22528167612488,1,0.016840455834878754
90,19279,-33.512645545310605,1,0.03854319153731134
91,19529,-75.07137427707003,0,0.13042729030975117
92,19779,-273.27820140722076,0,0.2826554613839072
93,20029,-128.79253021810135,0,0.28530763099746864
94,20279,-100.28156247757927,0,0.06218417018363691
95,20529,-72.0092903045715,0,0.14647258363161006
96,20779,-113.24662259731208,0,0.39166128342477957
97,20895,-122.01615311244004,1,0.013756853340614493
98,21076,-72.41454758777441,1,0.04851173903940706
99,21326,-129.57573675855681,0,0.3412159211564525
100,21576,-137.11187630362022,0,0.11219982243145185
101,21654,-91.21447966296682,1,0.03958723588244495
102,21904,-106.59205306564829,0,0.13468821371709178
103,22154,-133.57049829278347,0,0.16783390419860575
104,22201,-21.22263823466286,1,0.04438544856938469
105,22272,-44.419704275538294,1,0.03681629814220407
106,22522,-129.0965585553201,0,0.1547417766134223
107,22772,-129.52097939360542,0,0.18018052865343337
108,22843,-89.53181339075896,1,0.049901778272189425
109,23093,-149.88153845551537,0,0.22841508079981643
110,23343,-82.37691573960144,0,0.11161605051177248
111,23448,-23.431990991079665,1,0.04913804141978078
112,23516,-77.91675884603873,1,0.04718327728339363
113,23766,-133.4628084064661,0,0.11354162877010339
114,23897,-86.50507489296403,1,0.047868154572524496
115,24147,-301.5168425332501,0,0.23873886099112965
116,24247,-141.23042510243693,1,0.02931733239093545
117,24457,-104.7535507734697,1,0.04971853493662669
118,24707,-89.73373052431833,0,0.14529619487350473
119,24957,-122.75949519000037,0,0.14202973512806905
120,25207,-249.3026700338896,0,0.45847162598943797
121,25457,-121.44727105012491,0,0.4256415718578777
122,25599,-102.18910241897555,1,0.04680144497585955
123,25849,-156.80472009890113,0,0.1815393432741944
124,26099,-154.5572305159653,0,0.16639899413914314
125,26349,-136.81130515727824,0,0.24693631276725433
126,26599,-122.5361486415405,0,0.175227891049836
127,26849,-98.73852809228491,0,0.11754572093841167
128,26975,-68.94223016745707,1,0.04739298534247518
129,27225,-130.76755043888937,0,0.18318294039654107
130,27475,-157.5558654376213,0,0.22622410550460084
131,27725,-196.01696102834345,0,0.20134755120619488
132,27975,-122.72503154714738,0,0.20104723998589402
133,28173,-96.6613621057258,1,0.03669521526238892
134,28423,-94.51263556840205,0,0.18838675482992664
135,28673,-166.2094816842364,0,0.17515186242643893
136,28879,-88.26462031818235,1,0.049480369090041464
137,29129,-240.08082665968135,0,0.27010043263942973
138,29379,-67.9867970226184,0,0.06864807184864313
139,29423,-60.30341741983921,1,0.04971452799562657
140,29554,-115.35271860023886,1,0.02344786981592118
141,29804,-79.93790291000298,0,0.18808853889807817
142,29897,-88.18983407263669,1,0.04978749534446086
143,30014,-70.14084166138167,1,0.04469117394217628
144,30264,-151.8239622380194,0,0.17814441328046865
145,30311,-30.45035457939254,1,0.049287241550469034
146,30383,-70.95203410050911,1,0.04242438096504204
147,30633,-94.0949327640993,0,0.16115153033088744
148,30883,-79.0095219570033,0,0.1684477139154092
149,30957,-28.220858554417593,1,0.04273076040575694
150,31121,-36.72998162288425,1,0.04739380317115892
151,31371,-151.83044475329564,0,0.2850665413287009
152,31403,-10.128469175524746,1,0.0484560880524527
153,31471,-88.00853048921242,1,0.04908923128016827
154,31538,-89.66614959907577,1,0.027208243852357997
155,31652,-53.885264649111186,1,0.013464213712138065
156,31902,-114.08931458711291,0,0.1402286609876024
157,32085,-88.70398433928679,1,0.04794202744965741
158,32170,-39.388115022338425,1,0.04880403611778459
159,32257,-133.21196221830843,1,0.03204901246089183
160,32507,-143.94776329013771,0,0.15388561988612093
161,32757,-107.4169230453466,0,0.11400934768746643
162,33007,-101.58085842120506,0,0.11824388430699366
163,33063,-27.786568894283192,1,0.035486551285130175
164,33215,-90.05354393548795,1,0.049800082517827776
165,33465,-197.49973270061355,0,0.16446773248558938
166,33715,-98.58071602470386,0,0.1913831136155371
167,33809,-31.360778990444867,1,0.024878040127274216
168,34059,-135.58116676572033,0,0.2306641381589526
169,34296,-46.126073493415674,1,0.047132096871606646
170,34546,-254.65128736598294,0,0.2577139823530144
171,34796,-58.75578020720413,0,0.10016919973250404
172,34835,-24.39004023594935,1,0.0374408499921148
173,35085,-124.15533976171564,0,0.1515532047002024
174,35335,-82.43048430062422,0,0.21505886649331202
175,35431,-109.78048931115762,1,0.03700890701605004
176,35681,-206.17408018098146,0,0.3961157209643009
177,35931,-106.04503603772902,0,0.2490123514606616
178,36009,-80.18606295636343,1,0.02967019764457319
179,36259,-99.1300157514618,0,0.1876554356872991
180,36509,-109.81900409813248,0,0.2309184933729147
181,36759,-165.9272877397432,0,0.08257251247753974
182,37009,-176.71174711690324,0,0.2020465243806574
183,37259,-224.42110860978312,0,0.2664478585219309
184,37509,-100.16162483233781,0,0.13964983354984245
185,37759,-148.44994298679205,0,0.18025432952317594
186,37984,-99.91230431784832,1,0.0495126561140514
187,38234,-76.05858731370007,0,0.14708958473794206
188,38448,-102.09836646366993,1,0.049702178982450516
189,38698,-96.09847023266943,0,0.1413490811972082
190,38921,-79.86951341136616,1,0.04934511623620128
191,39119,-95.04267802512236,1,0.049988073260772856
192,39237,-67.86869805675775,1,0.03230719376275405
193,39487,-151.49291024321286,0,0.2268143203136178
194,39598,-151.0913462250484,1,0.04728375762914074
195,39715,-115.17044195728812,1,0.04877614515801771
196,39843,-80.35647949399977,1,0.03180992808074641
197,40093,-95.05845807234516,0,0.2977479352218051
198,40298,-90.89810993015391,1,0.048667385856849404
199,40548,-159.9193576036057,0,0.4600285170346665
200,40798,-152.00946113756476,0,0.09964001980624655
201,41048,-93.68638038912397,0,0.11972734007216411
202,41298,-74.43762883879312,0,0.14470147044905257
203,41548,-181.19110051216228,0,0.23270819257326816
204,41798,-130.31680464766302,0,0.346479523390084
205,41894,-67.78728655051563,1,0.04946059881480365
206,42144,-122.39673292242745,0,0.15598604469019917
207,42394,-215.32364286721247,0,0.48087830807306414
208,42437,-17.493971933167934,1,0.0369499438677803
209,42687,-80.90924423749637,0,0.17891606500002635
210,42937,-185.6182522983882,0,0.2113757391248915
211,43187,-219.52501530229983,0,0.2922839371419883
212,43437,-120.85788410629058,0,0.2169010848149603
213,43687,-100.4051457982958,0,0.0867604505014206
214,43799,-47.31100660377431,1,0.04921023177442062
215,44039,-51.25519213632722,1,0.03543723617710851
216,44105,-28.10409393043377,1,0.04418224515740515
217,44355,-164.26692900457715,0,0.24692179814695078
218,44605,-170.4120237731303,0,0.25448576697224967
219,44659,-9.327139268618158,1,0.04961855567330944
220,44909,-132.61531008352335,0,0.23064420852756223
221,45159,-53.162834906354625,0,0.11851623650123881
222,45255,-51.267264271087015,1,0.04808387192478153
223,45312,-68.37096285646027,1,0.04946978726556068
224,45407,-27.40662787292524,1,0.03482209946692805
225,45657,-166.3194617509006,0,0.16826393522871663
226,45907,-72.04885453892264,0,0.1856509239298056
227,46157,-82.2731070061468,0,0.15903807294818453
228,46407,-67.45396086161573,0,0.13865746470609722
229,46657,-150.15497848529972,0,0.09570563625019536
230,46907,-83.68619119255742,0,0.16621135542932033
231,46960,-36.66459712528334,1,0.0072240607882074846
232,47210,-132.44872060427647,0,0.13522630616958004
233,47460,-143.3016801617519,0,0.10941397212894358
234,47710,-104.9478110912917,0,0.1244660384880711
235,47960,-157.87282866811333,0,0.16086991454941743
236,48210,-109.45452338862938,0,0.10854417581527906
237,48316,-88.36503777243745,1,0.04969140540171459
238,48395,-35.4888320656402,1,0.047667466573749935
239,48645,-102.14460677363827,0,0.08052110517995521
240,48842,-69.21201381580572,1,0.039053385865897995
241,49021,-47.70896509067143,1,0.04985210809342429
242,49075,-45.44661829782615,1,0.030688562618049284
243,49325,-80.70913920195612,0,0.14933824056191902
244,49398,-50.03062991867828,1,0.04064140662141284
245,49648,-74.0002011229903,0,0.21417885254929295
246,49823,-85.1172013903946,1,0.018812611107172226
247,50073,-101.23004749731014,0,0.24179140379645161
248,50323,-91.53871983939014,0,0.22791295838383957
249,50573,-83.92374633993381,0,0.14922791107365285
250,50823,-111.75136538831947,0,0.34085645811331483
251,50854,-8.435818838511166,1,0.04921054183528603
252,50907,-35.233022773606905,1,0.04582609858937476
253,51157,-72.92845162218882,0,0.11212328589293857
254,51231,-82.77272835491111,1,0.02828251041135354
255,51294,-63.16431194879961,1,0.04812481990378414
256,51544,-74.25801487028367,0,0.15162334537848776
257,51794,-156.50374888345067,0,0.22718244517039532
258,51869,-100.46834595923286,1,0.02315428527568772
259,52119,-146.055782328452,0,0.3807655939828615
260,52157,-22.07362111038607,1,0.03340009548169426
261,52407,-129.38675121528053,0,0.20486497790308605
262,52496,-108.0632060783742,1,0.048838343838770414
263,52541,-21.486984246921338,1,0.049168289951174296
264,52763,-86.52935247490832,1,0.047863895827931886
265,52938,-52.283605466722015,1,0.04820053712783552
266,53188,-76.15578595122035,0,0.14730178883951803
267,53438,-148.87225680547124,0,0.23917661975068286
268,53688,-161.28063667598346,0,0.4680275723015088
269,53938,-176.86549177207672,0,0.16741273173279708
270,53990,-79.32349394663096,1,0.030262282999171886
271,54065,-60.78775516762292,1,0.02274327775907586
272,54315,-123.96815412374315,0,0.16505184717791785
273,54565,-127.4549475033616,0,0.2260385004152515
274,54669,-133.51311061669048,1,0.0468429989500516
275,54772,-58.66979964794445,1,0.030361049227570613
276,54798,-17.082381926243293,1,0.026825607265874116
277,55048,-162.47409077226587,0,0.3407631863230456
278,55298,-110.78412334482073,0,0.12877879317278426
279,55374,-95.92816704557201,1,0.030140233883637537
280,55624,-132.6192841803535,0,0.2386995731020143
281,55874,-191.02144550463092,0,0.5028730044536942
282,56124,-114.81804073723177,0,0.21613265426779021
283,56374,-110.30871566562836,0,0.16266515856703073
284,56429,-30.409194393342375,1,0.04915982729014236
285,56679,-64.46526773334999,0,0.10031863133840559
286,56929,-121.72114035069954,0,0.16419166389248838
287,57179,-153.72872920382468,0,0.1785627433675274
288,57429,-71.01277638947157,0,0.12236243376780787
289,57460,-19.262211272363636,1,0.01596324109559391
290,57502,-35.03919648003619,1,0.041785203743771794
291,57752,-192.25936409529163,0,0.1377627976063513
292,58002,-213.73777927798574,0,0.3090775317175822
293,58252,-130.2276051629994,0,0.15607823186955794
294,58502,-162.301640814775,0,0.17037636264813333
295,58574,-110.1910193645436,1,0.04715745895537298
296,58620,-32.48495817388833,1,0.026151161212292526
297,58870,-153.58295156653259,0,0.28125172280224947
298,59120,-171.51288117902456,0,0.5026190127652195
299,59166,-69.52350492461744,1,0.03333987809127665
300,59249,-51.43052092598077,1,0.04593145237946116
301,59499,-118.44696880916278,0,0.2959141047648947
302,59563,-36.56194176763997,1,0.0467199653026715
303,59813,-105.82399390250882,0,0.1063926288908495
304,60063,-140.50085733208576,0,0.11125931187120014
305,60313,-91.51712444156753,0,0.10461544440140272
306,60362,-30.93807911875517,1,0.03236004983791689
307,60469,-97.1854141189432,1,0.04265326799535967
308,60719,-121.02084896878823,0,0.179571993201046
309,60897,-140.73716090209723,1,0.04457050294105253
310,60932,-15.453036709238003,1,0.043481277542701716
311,61015,-38.473265192125176,1,0.042941341576976905
312,61265,-138.94851329785843,0,0.2126843910672337
313,61515,-95.69544183575115,0,0.23746685210232507
314,61765,-123.94603060022018,0,0.2129505147997161
315,61804,-26.263150471991764,1,0.02924305429405374
316,61918,-94.81187175414418,1,0.049904764540325254
317,62168,-198.6138375677073,0,0.2984451939978696
318,62261,-103.34839215379613,1,0.049492632882267525
319,62511,-70.57416284717308,0,0.1075250823405733
320,62581,-71.26243037037159,1,0.04923106547584573
321,62774,-81.42604936583318,1,0.04905145660651612
322,63024,-72.02624658066357,0,0.17825223527603684
323,63183,-48.02367922301725,1,0.03528606677365563
324,63433,-94.00890374007598,0,0.12192325388518419
325,63683,-90.32520499836666,0,0.1498528372677687
326,63933,-195.95739763961075,0,0.2908783460556677
327,64183,-114.36606641471845,0,0.13700435045152748
328,64433,-249.85384173100493,0,0.4600380698399988
329,64670,-131.23161076400203,1,0.02928741051814003
330,64766,-68.34356356985985,1,0.04930484032567908
331,65016,-96.25605980084505,0,0.09799163210722761
332,65075,-22.116629166248323,1,0.033672604658467435
333,65134,-69.47109856026782,1,0.039663865513144936
334,65310,-117.01659738331162,1,0.0493451706418937
335,65560,-123.00735702738632,0,0.15378176051630474
336,65810,-67.84698726077455,0,0.10486433435566864
337,66060,-157.89194623395295,0,0.16020997624013467
338,66310,-185.7833340825305,0,0.16620024668248615
339,66560,-77.88196366406197,0,0.26108868223431086
340,66810,-159.45459216023445,0,0.10384578889432763
341,66851,-16.36454503913547,1,0.04996210669170342
342,67101,-82.62084913687413,0,0.17108663959566178
343,67348,-122.52310167671916,1,0.04666650691008171
344,67598,-225.57655088852653,0,0.1812817338987079
345,67650,-19.630048405329433,1,0.04708520364366335
346,67738,-47.040861357784394,1,0.04733386808562125
347,67985,-177.4265768194021,1,0.049718928325553705
348,68057,-63.50599900272131,1,0.04579002835728528
349,68307,-175.67460050785922,0,0.12691151513524243
350,68557,-96.49271238474545,0,0.1622995231144649
351,68807,-136.21527192130938,0,0.22706037723615444
352,68877,-52.683365527744506,1,0.0405847082777412
353,69004,-38.38154598800643,1,0.04881356814046253
354,69254,-94.91210989072304,0,0.06322459369128708
355,69504,-117.73524058746622,0,0.164159254241148
356,69557,-39.57905444270543,1,0.04929782851502431
357,69807,-104.12838710155997,0,0.12265781945763284
358,70057,-210.8261766524022,0,0.277921466791393
359,70114,-65.445708942745,1,0.04491248839832646
360,70364,-152.3376257801328,0,0.19535577217835
361,70410,-39.80185482997926,1,0.032820830210953375
362,70660,-98.71777289661074,0,0.15000999152410155
363,70753,-36.04844519935013,1,0.04835398364723645
364,71003,-80.5210602025826,0,0.1349008578091605
365,71253,-70.10479073707498,0,0.12632857153415622
366,71503,-99.19029611381694,0,0.11736824611785673
367,71571,-115.81216407769669,1,0.03906464822070593
368,71821,-93.2723128843443,0,0.2400150858119297
369,72071,-61.790881887600435,0,0.09164613720140102
370,72127,-66.6957471058201,1,0.013816218185336022
371,72377,-98.1498197286558,0,0.14128160302915432
372,72484,-133.3315819164746,1,0.0383364313805879
373,72734,-82.87829735304886,0,0.1065323188071643
374,72984,-87.01320643804782,0,0.1381570653271423
375,73234,-144.33872964722497,0,0.18027396621360972
376,73484,-147.28298476754875,0,0.10733017668302024
377,73734,-84.56674149783572,0,0.21408142922398612
378,73777,-26.841773740110284,1,0.012970067489483204
379,74027,-152.12075301229874,0,0.24230877258886846
380,74068,-32.08538676051212,1,0.04902676060042386
381,74318,-104.34019645226567,0,0.08105867451502545
382,74568,-125.28050675782384,0,0.20844384492170326
383,74610,-16.282453697281753,1,0.04491245834293664
384,74687,-107.36734586763967,1,0.048917299926952186
385,74760,-85.44900432999876,1,0.010066231799249177
386,75010,-181.42163509846577,0,0.23964069193335416
387,75065,-74.67718555411932,1,0.0358946006738699
388,75130,-71.09873375538575,1,0.02075572359186182
389,75380,-136.76926262977767,0,0.17994037421179285
390,75421,-28.13102153269046,1,0.03480613356753799
391,75484,-37.59620881690158,1,0.04646291960005383
392,75580,-114.10884336241499,1,0.045773316201722695
393,75624,-16.410266134949957,1,0.04981003368006856
394,75724,-141.31872507219703,1,0.02643692258214655
395,75781,-45.639053137123106,1,0.049646026960793226
396,75847,-23.281920980880372,1,0.046643184110267744
397,75879,-15.30933366115552,1,0.04931094719875864
398,75966,-30.345817504918685,1,0.039639949466867413
399,76199,-164.81280276729635,1,0.04793652564584993
400,76449,-141.63240946952402,0,0.16897106623264502
401,76574,-126.17376161911841,1,0.0498778806606704
402,76667,-24.686478514483046,1,0.04533769428787366
403,76724,-62.43250101463305,1,0.022506411236571197
404,76974,-67.8841004803711,0,0.10607722812216112
405,77015,-19.672564399473064,1,0.049325815472061954
406,77265,-73.12366542884554,0,0.11997052141984434
407,77515,-149.91435720849947,0,0.17810300222322706
408,77554,-24.75757737412549,1,0.043596945304650914
409,77804,-75.43253247651488,0,0.08185948742292179
410,78054,-144.6758553093083,0,0.17090203325739214
411,78090,-6.916991037989707,1,0.044089102011043595
412,78143,-14.512316223585275,1,0.048262260144606495
413,78249,-27.68005708841291,1,0.04756002700791796
414,78303,-33.94045610864977,1,0.049636147163694
415,78372,-67.82206559973238,1,0.0479389299171855
416,78549,-106.31066950763066,1,0.04696495287735002
417,78799,-72.83924401557127,0,0.10046008868981024
418,79049,-140.29720110447738,0,0.13440511950861786
419,79133,-97.06075865973938,1,0.04899121588336427
420,79201,-30.1579740314179,1,0.04861549122307641
421,79283,-45.567606751902616,1,0.015213832494138699
422,79533,-198.40219257619972,0,0.18656755076477247
423,79609,-92.81277115342712,1,0.023819190121065523
424,79859,-110.87767679301027,0,0.16951247431549019
425,80109,-165.95549642146116,0,0.22919689502342747
426,80359,-62.20294081043845,0,0.08255501564523408
427,80602,-125.2739692742912,1,0.04703289439051486
428,80657,-51.97334951209217,1,0.015492802050434538
429,80715,-34.71155802454638,1,0.04720016094899979
430,80869,-70.94270229531838,1,0.04995913819341547
431,80952,-39.854179070844594,1,0.04721254485064162
432,81202,-107.3438484030372,0,0.19453802144061952
433,81251,-28.396460572348282,1,0.01823405348908456
434,81289,-28.293232488527394,1,0.04998376731519759
435,81539,-120.72263040123899,0,0.21953903817114861
436,81789,-78.04767338239094,0,0.0847742465075027
437,81828,-19.885216224411643,1,0.023992458735488803
438,81864,-21.991452095383487,1,0.010593520966001023
439,82114,-127.65943520026754,0,0.23359318511239255
440,82198,-113.95951086739613,1,0.04864130794319492
441,82253,-71.89772141530005,1,0.03456353269880555
442,82316,-91.15302984521466,1,0.04299119080164678
443,82355,-35.624795736405126,1,0.035414761713896487
444,82406,-34.39948196649063,1,0.025816275075937922
445,82534,-77.08769211704387,1,0.049487607305844304
446,82571,-25.177516776697132,1,0.04830853784178472
447,82688,-116.71957319722296,1,0.04297423602950694
448,82814,-81.89445924848901,1,0.04858284004942133
449,82857,-44.65530900442006,1,0.04445402945108317
450,82931,-89.28351831044941,1,0.028590092737135874
451,83001,-20.006517246853512,1,0.04999769952838069
452,83251,-146.98488854418275,0,0.20671884704099658
453,83333,-70.39442539232748,1,0.04863195343336076
454,83583,-130.70798148261102,0,0.1305815238764898
455,83617,-14.047010559644313,1,0.04859244502670336
456,83710,-111.55751114477282,1,0.028426009130498774
457,83765,-63.37543400225783,1,0.030989483228233937
458,83862,-176.28063516409034,1,0.045662229494092495
459,83889,-17.106435383288833,1,0.02697418386568232
460,83980,-124.82655730560587,1,0.04938957547456362
461,84045,-104.16882018625813,1,0.04921850181924294
462,84295,-101.51638294446855,0,0.14633108299327682
463,84351,-66.91540910605457,1,0.045144380692127485
464,84601,-144.7247444166505,0,0.17754739010752615
465,84683,-73.11083452469626,1,0.0021804788339675556
466,84933,-102.79137139655595,0,0.0847982824249097
467,85128,-124.59729520473347,1,0.0496957450661502
468,85378,-184.68670005542256,0,0.29559795311601855
469,85479,-138.07240922810277,1,0.015177444535843038
470,85540,-85.47370118805391,1,0.043284520614212924
471,85790,-169.92535234619695,0,0.11096730707958011
472,86040,-98.15217603356395,0,0.07428489457361186
473,86113,-34.90275757164233,1,0.04559664274452206
474,86223,-68.67197185753878,1,0.04169586694974265
475,86275,-24.2270878013248,1,0.02239566953493504
476,86300,-12.977861045126827,1,0.010195063284980325
477,86550,-94.94422548375655,0,0.10976048858520285
478,86800,-147.47458778842446,0,0.0794604342492032
479,86893,-86.42041168688398,1,0.04924952931927274
480,87048,-129.5909675766658,1,0.033059109922257864
481,87113,-53.04804476127572,1,0.04788920300071641
482,87173,-60.97167326835806,1,0.029227577708374173
483,87423,-226.7587637089388,0,0.22144596368525166
484,87480,-69.27961307681882,1,0.04336605283502263
485,87526,-30.41620224960208,1,0.04607592535360756
486,87776,-107.29262667188794,0,0.14101921673398443
487,88026,-85.75262025597124,0,0.3478341280430545
488,88073,-46.03247625765452,1,0.026955070585820005
489,88127,-38.36476078359071,1,0.0183327721481699
490,88250,-133.672882665005,1,0.048737792794863774
491,88500,-138.33951317983062,0,0.31841716096534944
492,88534,-20.006486758947368,1,0.0436299027323841
493,88784,-150.2430114076452,0,0.10634504303352331
494,89034,-200.0666784418417,0,0.158702330837763
495,89088,-27.606066987246784,1,0.01955492292813911
496,89148,-43.50052171604019,1,0.030803318536773858
497,89398,-126.69727432761049,0,0.07415753995525778
498,89648,-80.82623138359159,0,0.10589134293481035
499,89702,-58.344121517355966,1,0.015770720951535335
500,89777,-29.394174001239584,1,0.04199432801560831
501,89819,-33.131939318199045,1,0.03044522143111934
502,89886,-29.32843383156635,1,0.0485780044997496
503,90014,-93.65911561738133,1,0.04900273719409684
504,90115,-83.17720181415083,1,0.04901594645367686
505,90365,-115.85469156345887,0,0.10200009845521882
506,90615,-93.80645124287219,0,0.10357580508771294
507,90820,-100.91589245501228,1,0.04808477539450578
508,91070,-160.33342226363987,0,0.10225063905015223
509,91320,-86.5803244867559,0,0.15930938629262992
510,91528,-105.06121619707419,1,0.04979215189936651
511,91613,-58.77136298549567,1,0.04957378269918448
512,91863,-102.99469040582225,0,0.1974088188861174
513,92101,-57.4816225050638,1,0.04738338464404143
514,92351,-58.11746672920946,0,0.1027321031137551
515,92395,-50.49147682685532,1,0.025328554910311715
516,92454,-70.12003341972193,1,0.04766910775448564
517,92504,-18.119681199815783,1,0.049333638017381505
518,92571,-83.73958208773465,1,0.04975874073720032
519,92642,-64.40687111024972,1,0.019296223170696427
520,92892,-85.32994951427231,0,0.10566590867078428
521,93008,-42.12571420223098,1,0.04902011645411298
522,93045,-22.16796356177382,1,0.009171819962974948
523,93295,-69.42017621034469,0,0.12267960792928059
524,93332,-19.53879300067417,1,0.046568853686136925
525,93407,-76.93293306351566,1,0.049698356189985485
526,93657,-173.76487232131512,0,0.08365265004912803
527,93727,-89.40509041690015,1,0.043419995776145776
528,93977,-130.5714886968653,0,0.22984514779034557
529,94081,-140.60460043497838,1,0.034111459580503815
530,94331,-97.46578384679171,0,0.21476370000305295
531,94371,-24.134387198593522,1,0.03500943491784564
532,94621,-137.48114343693592,0,0.13459963725261034
533,94687,-83.93683596961624,1,0.013697911274297168
534,94729,-18.13246581340911,1,0.04950154232433665
535,94979,-78.93432747741754,0,0.10922507863052569
536,95042,-67.11170141396201,1,0.042272887928060374
537,95292,-96.50100148223207,0,0.10255431872110067
538,95314,-6.392271125106534,1,0.036653652083814846
539,95357,-28.900291808711778,1,0.036819323628218936
540,95607,-91.06128658224858,0,0.09126132400274965
541,95650,-18.97874253846819,1,0.04585839137021298
542,95792,-125.68481305295562,1,0.04919412713423523
543,95867,-90.5689016707587,1,0.037796871276134
544,96117,-100.48731913709213,0,0.18901647241256161
545,96176,-34.806343526353224,1,0.03428375837588559
546,96242,-27.916112645585535,1,0.04976904950391731
547,96300,-50.43547757384033,1,0.02002150185562011
548,96550,-107.38789479029822,0,0.23585100652112
549,96800,-146.96434692608275,0,0.27177039487394916
550,97050,-185.32308525056376,0,0.2108048623691957
551,97087,-28.20412435290369,1,0.045593553650468764
552,97337,-75.7395337711167,0,0.1155143697632829
553,97443,-68.36042965732638,1,0.04843732310018758
554,97693,-112.91388945710415,0,0.13534782205929144
555,97943,-164.9175352021866,0,0.18019901269889807
556,98193,-105.95125985314615,0,0.10723922583294143
557,98215,-5.738957508015359,1,0.026209047713599748
558,98465,-263.49362631357786,0,0.7793813736209548
559,98630,-152.5284809286769,1,0.04998402182844724
560,98728,-78.17712281163335,1,0.0467645165165925
561,98978,-187.26054689614358,0,0.4128494044795404
562,99228,-90.37015943784263,0,0.15298021978622256
563,99321,-122.94546220748397,1,0.048007438506558454
564,99545,-112.48616016905135,1,0.031192805234419363
565,99635,-127.15478797896725,1,0.049037607389728
566,99691,-53.65678108700958,1,0.04836546419446305
567,99749,-53.262047603659816,1,0.043700398039711486
568,99843,-126.74100385908825,1,0.0499809665778799
569,99915,-35.319284172728075,1,0.045644407186979596
570,100066,-24.98314634681062,1,0.04636806225037953
571,100316,-125.1967502135844,0,0.28688090236900715
572,100566,-91.36344247978083,0,0.0748021649047261
573,100612,-35.778588310951804,1,0.04560336399760428
574,100862,-108.61269223858321,0,0.08007069306513365
575,101112,-60.74477331336042,0,0.06797822194547755
576,101186,-81.53644634295638,1,0.01878130080190881
577,101436,-115.43459788180552,0,0.22686512609669526
578,101477,-29.384330701872436,1,0.01690301589858435
579,101727,-172.1951950633143,0,0.0907011621480305
580,101977,-88.9820830655673,0,0.08904166153371218
581,102039,-16.23489023478854,1,0.047074801727167756
582,102122,-80.56228151533458,1,0.03721433703508764
583,102208,-58.3182260556546,1,0.039071528321699814
584,102317,-165.29468044145372,1,0.047939386978383784
585,102420,-66.60639330341131,1,0.04870802922661325
586,102467,-34.55028755187666,1,0.0468344249199557
587,102717,-166.68632368238852,0,0.16039434253986948
588,102967,-128.2625913243539,0,0.2526648390348418
589,103038,-42.56218626930068,1,0.02181716617534741
590,103288,-94.62204978497151,0,0.22455860698426613
591,103320,-8.235427377304324,1,0.04846560756707773
592,103340,-0.9040198572390441,1,0.034471547231674615
593,103413,-79.91678369539746,1,0.04942047710419218
594,103663,-147.65586229634542,0,0.17035494860890074
595,103781,-48.145532041399306,1,0.049998157863569356
596,103847,-26.364268552750588,1,0.03934097130232896
597,103940,-74.07844388279328,1,0.04880332219714884
598,104006,-52.149066753293006,1,0.049005367884088394
599,104256,-116.42595843166869,0,0.09603071720680974
600,104365,-112.48616613055648,1,0.04835353968676019
601,104487,-87.19025446929551,1,0.04986818059319667
602,104737,-71.15173302596396,0,0.08800799440495029
603,104824,-74.26852793002125,1,0.047398369321119266
604,104854,-13.18397581967914,1,0.04695455841080113
605,105104,-87.78716885503117,0,0.23533347817097333
606,105225,-71.96435815614188,1,0.04943207405389651
607,105290,-65.75878709034703,1,0.011872684722033297
608,105540,-117.44668715933213,0,0.09554809996920234
609,105790,-100.88474475355478,0,0.2656128652942377
610,105858,-112.57568032843034,1,0.04118281444005416
611,105925,-54.677025661587535,1,0.049518392084327276
612,106175,-88.6169321505801,0,0.18395334428940885
613,106252,-77.0717834396367,1,0.048843394678701135
614,106336,-58.20895224502267,1,0.04726355796599177
615,106586,-201.24629704301776,0,0.33034825064244283
616,106836,-162.00366835218185,0,0.1755669540304295
617,107046,-51.584799795272346,1,0.023384880755873104
618,107296,-112.21353170280835,0,0.19629728075528302
619,107385,-116.03562117369145,1,0.0419787911532767
620,107635,-142.37947985417705,0,0.17450412801325677
621,107885,-74.70424449108008,0,0.12415712253321114
622,107927,-22.872820672815564,1,0.04887915913307046
623,108177,-86.4308115569853,0,0.11697032175977451
624,108258,-23.92376372081,1,0.04871017908324062
625,108508,-102.19072047061275,0,0.07459412469670694
626,108557,-50.174467076799345,1,0.03580485387312826
627,108592,-13.675573387946864,1,0.04758517693183096
628,108661,-61.70534415528855,1,0.022509039630842456
629,108911,-155.742213675179,0,0.1129797690726717
630,109011,-86.8197649336764,1,0.04492239392125272
631,109048,-23.796042909479915,1,0.012620442695212496
632,109227,-105.93196335972847,1,0.04972863426322215
633,109477,-71.57051367612162,0,0.11408642260920154
634,109727,-52.69541260072942,0,0.0544732523235598
635,109757,-22.28184230347638,1,0.029539411306452875
636,109824,-81.20440447997551,1,0.0325568837916084
637,110074,-95.59689484806607,0,0.07433069479445263
638,110324,-127.36143943462979,0,0.05762454878190323
639,110574,-189.14509826893078,0,0.34379809929178956
640,110644,-53.19296444339912,1,0.049421210296514764
641,110894,-111.79400421695232,0,0.11331623142424112
642,110952,-49.004939380876856,1,0.031547723272661636
643,111011,-29.220626238722716,1,0.048598707268220784
644,111207,-86.63548730470801,1,0.04965798754778669
645,111457,-98.43539520500539,0,0.21997041952126106
646,111562,-84.6510320836085,1,0.049450112931521586
647,111614,-44.989435198921456,1,0.047819806662204214
648,111679,-95.45342561453423,1,0.021262829242117177
649,111929,-186.3017098055386,0,0.1288955256185354
650,112008,-42.59256506856764,1,0.045770581754750364
651,112053,-57.21405519947531,1,0.03324209933410215
652,112221,-82.42517491930575,1,0.04893860852677065
653,112308,-48.21701975799975,1,0.0484804902418404
654,112558,-110.40362638027523,0,0.10974286063544313
655,112594,-23.317969416494336,1,0.048627497893490544
656,112643,-49.73535793989644,1,0.02139786316408771
657,112717,-85.72192726067544,1,0.049885058498640694
658,112867,-63.891145607683576,1,0.04959427141678634
659,112934,-80.34997686256582,1,0.048074469008830965
660,112982,-69.95546064245701,1,0.0381441958938962
661,113232,-110.6892848158033,0,0.16970440263803369
662,113282,-32.31430850873599,1,0.04436804674280033
663,113474,-79.90161737780501,1,0.034393578044407194
664,113548,-90.74764808300242,1,0.041620649749038764
665,113702,-103.94248437953853,1,0.033357618436695304
666,113752,-61.58569064956582,1,0.040466118616832296
667,113816,-93.23661443725275,1,0.04440877755356413
668,113867,-48.184331045917276,1,0.0497286878197874
669,113916,-43.899829703422206,1,0.005612486017372223
670,114166,-76.27349252935285,0,0.15577463602550248
671,114227,-70.1862965310266,1,0.049234634439952574
672,114477,-76.57334675781375,0,0.0872921044631171
673,114545,-82.44226684894237,1,0.04707812263720293
674,114795,-208.75449938477854,0,0.31160907397230453
675,114822,-13.834437718011056,1,0.02625473900237841
676,115044,-130.7874068040645,1,0.04997766750102681
677,115294,-208.51416595603632,0,0.09800553312052623
678,115385,-141.57804348724764,1,0.04880406472870835
679,115421,-32.54216605666667,1,0.010566403854331578
680,115671,-51.760476029476344,0,0.09336598865236523
681,115921,-65.39010548084715,0,0.06884962451487905
682,115967,-55.2906935756794,1,0.020882123921784526
683,116034,-32.153046264492346,1,0.04864356141389189
684,116284,-156.56999722211398,0,0.31312208994882035
685,116348,-93.24005878019202,1,0.038693940264420766
686,116386,-30.488786836602184,1,0.031649173718020035
687,116495,-124.83402275815465,1,0.04300568225346821
688,116535,-31.545024755532772,1,0.04282290643771324
689,116576,-47.126420593424044,1,0.024045519403054813
690,116653,-45.416411557675055,1,0.0498207161669053
691,116903,-118.71770014611617,0,0.12459220243135051
692,117153,-114.13992389153181,0,0.14328077154897625
693,117245,-46.00965919776922,1,0.049473829882173165
694,117299,-55.68256798276418,1,0.04736162113086016
695,117368,-90.92894516445648,1,0.04873464842142247
696,117618,-69.85321910509901,0,0.09306612148390557
697,117663,-42.311746515536896,1,0.044775673632384924
698,117913,-84.87520003562011,0,0.11108386913148754
699,118163,-112.54697482603807,0,0.10985703586847693
700,118413,-131.14411301964435,0,0.0828876746828259
701,118497,-30.551688179304563,1,0.049382637400280385
702,118575,-89.7767467198224,1,0.048705748925321854
703,118633,-45.523121249920926,1,0.043690409047067676
704,118798,-57.225837842816304,1,0.04678469573900302
705,119048,-105.11182671592532,0,0.06872963814829507
706,119257,-91.88642652218103,1,0.04873107075560327
707,119304,-50.129655992076245,1,0.03329803998734626
708,119393,-100.29250616445628,1,0.047786815149732056
709,119643,-148.2483475258196,0,0.25409459397652245
710,119683,-7.503712972512048,1,0.03936682881733974
711,119763,-67.43622973946498,1,0.049037576772521574
712,119967,-59.118827317655324,1,0.049374297676492804
713,120014,-58.936068655543465,1,0.0487076402184383
714,120264,-206.64549826155013,0,0.1140023965318592
715,120514,-71.53540462850222,0,0.08009610533674437
716,120764,-126.82004360439784,0,0.1508376729278801
717,121014,-153.15717455540562,0,0.13902859992443733
718,121264,-187.67943779452457,0,0.4034442869560643
719,121291,-6.501311750065062,1,0.009267583901262588
720,121541,-107.13608949186465,0,0.09820198764369487
721,121612,-108.20029106704203,1,0.023025728596942307
722,121680,-106.24430868330907,1,0.04675621934236532
723,121755,-42.10394239932106,1,0.048421789788724905
724,121817,-30.622466738181586,1,0.044182194065312666
725,121891,-99.47480464914,1,0.04017279733951322
726,121928,-21.483955772034587,1,0.04805939953447697
727,121967,-28.43943758820211,1,0.005144073742107538
728,122053,-42.03147263940712,1,0.04732739158008894
729,122117,-59.76979160258607,1,0.031012726655097467
730,122199,-82.79846483958693,1,0.04817183967181751
731,122231,-16.705882095812367,1,0.04969820254603307
732,122397,-158.86233910538655,1,0.04893816707442028
733,122626,-142.47265086880523,1,0.023790191581201256
734,122876,-124.34203267855084,0,0.09589837301597344
735,122969,-39.175330199821445,1,0.04506944404931295
736,123197,-129.39770307787825,1,0.04988557512355019
737,123283,-143.31566565510502,1,0.030199641551393937
738,123345,-81.14833474961947,1,0.03788442904914639
739,123400,-47.854546495192615,1,0.047809324712993054
740,123498,-84.85201816381155,1,0.04921301003908729
741,123631,-36.9243739760567,1,0.04400297749740523
742,123678,-31.21696172125852,1,0.0404773978796252
743,123729,-60.0608302071163,1,0.032431181702499
744,123801,-69.62920188254705,1,0.04126482117356956
745,123849,-49.754622963743884,1,0.032828115221970364
746,123897,-15.979019951669228,1,0.049915660218037325
747,123964,-77.77212811472162,1,0.0484715636972732
748,124214,-81.8976937667247,0,0.19255635639306476
749,124253,-30.173124539221753,1,0.01572639185879904
750,124297,-28.887609553179466,1,0.04446915840490372
751,124547,-80.35440430921888,0,0.09467178215652475
752,124628,-33.56777858704581,1,0.04879081747802675
753,124738,-103.77375624990762,1,0.04995818711386722
754,124988,-130.3163261881563,0,0.11703758037076843
755,125053,-59.114787679220676,1,0.049783484792711
756,125303,-93.85394483188665,0,0.18171185618814012
757,125485,-51.51705014530427,1,0.04904962068501193
758,125530,-37.864658374196196,1,0.022326352798771123
759,125622,-102.48404707970664,1,0.04937187123616367
760,125675,-10.821187305145477,1,0.038113406538395504
761,125744,-50.3195137240743,1,0.04881440559160816
762,125994,-85.34818686862343,0,0.09934642640306551
763,126061,-65.1094800419985,1,0.04864394063170908
764,126111,-38.06172024572309,1,0.010480747135409977
765,126234,-38.49427160308577,1,0.04924348948069076
766,126484,-156.2991810748762,0,0.13731587089678135
767,126734,-62.516479294228844,0,0.1265995738271315
768,126785,-29.110393456588298,1,0.04897565696330973
769,126827,-54.33170325797463,1,0.024330594311153624
770,126884,-30.572323768736048,1,0.04841098411115168
771,126934,-66.96865259349977,1,0.009884969682655505
772,126980,-26.794775298011125,1,0.0498903046842213
773,127059,-112.4639810056511,1,0.03651961478298705
774,127103,-31.86878965900707,1,0.023990989315613023
775,127214,-111.07559144857515,1,0.04868780697794388
776,127302,-114.59358828950472,1,0.04196290889464316
777,127552,-94.82466173180202,0,0.2513261286847296
778,127613,-34.26509898906042,1,0.04642048225293009
779,127863,-58.23801564747455,0,0.0972247302581023
780,127902,-12.603877089566781,1,0.04841020340579538
781,127962,-61.13450456609142,1,0.04442507415280571
782,128033,-54.70864450794862,1,0.04914068122064821
783,128110,-113.5960565588582,1,0.048699229732769196
784,128360,-122.34227887460331,0,0.17257381140414446
785,128610,-121.089355349617,0,0.14081231948749653
786,128651,-45.59678883666718,1,0.036549031124698796
787,128691,-20.15541795714372,1,0.04732651617064399
788,128759,-108.73684336497071,1,0.02506789963116878
789,129009,-147.4506297319091,0,0.15763016170072788
790,129043,-21.40328027355045,1,0.033803712693346706
791,129090,-37.45902124700228,1,0.04986651814802401
792,129122,-15.755827257084597,1,0.04820638211065442
793,129196,-86.85548466815739,1,0.03243156837590854
794,129238,-20.667079245289308,1,0.009959237544926667
795,129488,-134.72591803081383,0,0.057187556951920085
796,129523,-15.729355807045412,1,0.034610608010107624
797,129586,-74.43901600128292,1,0.01851583159312455
798,129630,-46.94541151792932,1,0.04979856686808459
799,129686,-52.3752318274555,1,0.0349059039442806
800,129784,-44.53900024173583,1,0.048729583652815094
801,129838,-47.2547536718536,1,0.02902366145543016
802,129910,-85.92838573739076,1,0.024569157317128158
803,130160,-106.20019311467145,0,0.2578994191074464
804,130410,-248.2655988856092,0,0.3759853878603329
805,130472,-37.58867462412944,1,0.04689346728557209
806,130512,-30.09875385771216,1,0.022842847327029413
807,130552,-14.105551425380119,1,0.03710183395959615
808,130619,-108.5828324653914,1,0.02295664274551312
809,130869,-101.30126446737182,0,0.25631964255042533
810,131119,-166.365205987274,0,0.09178902791107799
811,131172,-64.03623191589814,1,0.040861212067291555
812,131265,-94.81179851281405,1,0.04514230760388272
813,131320,-46.976077089168264,1,0.02333277660690104
814,131378,-47.20894741252167,1,0.005564781961615258
815,131445,-49.553746650606975,1,0.04064564998028441
816,131532,-38.46250979579281,1,0.03927660007281635
817,131782,-94.06267286787745,0,0.10661446557911589
818,131881,-108.54070479963801,1,0.03913481367932983
819,132131,-100.0402101195046,0,0.07962889484223265
820,132202,-32.013413723070165,1,0.04975816909987498
821,132324,-83.63534117227316,1,0.04963797541059414
822,132500,-123.70316791809792,1,0.04913776671488035
823,132558,-44.10364697654742,1,0.04569563569989236
824,132592,-30.36180927664925,1,0.03995316087145001
825,132842,-128.73768711642876,0,0.06384727622697266
826,132921,-119.02096420173183,1,0.031070653456215718
827,132958,-24.425159192579898,1,0.029565232705761956
828,133045,-72.00666938040072,1,0.047530831311829905
829,133295,-204.09308280310557,0,0.14648010386406324
830,133369,-99.70859778648686,1,0.02212444936129017
831,133414,-54.226859383523866,1,0.01545061512327591
832,133483,-85.76615702454977,1,0.048203670654949855
833,133733,-88.75142508011672,0,0.2928191192015031
834,133769,-31.865023709189188,1,0.0352539594667273
835,133872,-103.99446406287313,1,0.04835997242543022
836,133927,-67.84050675094016,1,0.042239716230350874
837,134046,-29.21984417660176,1,0.04942451188815368
838,134296,-66.15020981758829,0,0.10064050652101247
839,134546,-101.31958798590752,0,0.1312940969927532
840,134620,-78.1193843530011,1,0.04400830524017158
841,134661,-22.36085268196073,1,0.04829046787671803
842,134683,0.7001477326640142,1,0.04247069420260786
843,134747,-112.92437590709018,1,0.03197760938020395
844,134787,-28.890997725246887,1,0.008684530961352736
845,134840,-25.873414058376753,1,0.04772881619512292
846,135090,-192.60870669276918,0,0.3487638861369278
847,135143,-44.560839206784834,1,0.03637537433441097
848,135285,-108.6951827242457,1,0.04979800291552799
849,135321,-36.129857355748356,1,0.0485941281889736
850,135571,-91.620283005126,0,0.14878908518862793
851,135821,-151.7165259093873,0,0.2918406743630171
852,135863,-50.06128357524174,1,0.02722093670838335
853,135948,-82.46582211355869,1,0.04857681627752471
854,135993,-24.95943899154523,1,0.02766650323401795
855,136021,-8.359005889739375,1,0.012189265079787402
856,136271,-85.76856446644787,0,0.10539414716340205
857,136313,-19.122613693039092,1,0.02228984409008356
858,136421,-26.205200373161126,1,0.04865955769210335
859,136443,-1.7854206534637775,1,0.04079248081633295
860,136502,-89.27133083298946,1,0.04439735851068256
861,136566,-48.8601712638459,1,0.04957356547042325
862,136816,-123.23607852270489,0,0.05367815101711934
863,136992,-99.48460842694811,1,0.0492792013471863
864,137017,-9.41139982583494,1,0.039855408154875295
865,137119,-138.67830440436424,1,0.0468120185688386
866,137369,-136.2398214683487,0,0.18193828527945577
867,137421,-63.00374587794156,1,0.01777043070168719
868,137484,-13.471484208573722,1,0.04889613485000495
869,137734,-128.52070125815615,0,0.2990687180249521
870,137984,-87.44231143899387,0,0.07180705343954351
871,138234,-131.48055803670584,0,0.059495029646171954
872,138301,-49.36491634383039,1,0.040487524388377674
873,138402,-94.01294806988977,1,0.02729931404826271
874,138469,-53.395581990337355,1,0.02571243510519964
875,138537,-63.429999576412186,1,0.037823423370990594
876,138593,-55.78953365618973,1,0.04729013101301334
877,138639,-42.998671279052346,1,0.03377783055962986
878,138889,-125.90848679587144,0,0.22537755639979393
879,138989,-123.01086268543507,1,0.04918004605155709
880,139043,-57.49241321944878,1,0.033305874547346605
881,139084,-22.80121880246645,1,0.039411150984596695
882,139180,-77.53453555028128,1,0.0330610280682426
883,139236,-33.44564665230313,1,0.023449890526520804
884,139486,-62.97439090090515,0,0.11834555313123142
885,139736,-71.76058672662674,0,0.14311476303967446
886,139892,-88.74128048960347,1,0.04869237952676107
887,139981,-86.11412761589037,1,0.049046638142644865
888,140018,-28.05518721667011,1,0.03786925903553321
889,140186,-72.05895644862143,1,0.04786797935544133
890,140217,-14.958069277253971,1,0.020157339776285893
891,140319,-98.06604564926717,1,0.04678898619957178
892,140362,-45.622777795901904,1,0.027588625870354617
893,140400,-20.63324987242988,1,0.036805665102018374
894,140650,-143.2631474947117,0,0.14799476934089573
895,140701,-54.386790366247766,1,0.04598474483892208
896,140951,-100.71257573574452,0,0.08822964542101365
897,141007,-36.63380152454124,1,0.04995545434852256
898,141072,-39.201312487803165,1,0.04986914412305116
899,141133,-84.58822137808184,1,0.02591452125122433
900,141192,-107.93512742044923,1,0.030893639543524403
901,141286,-41.04122056508592,1,0.03945731050266125
902,141536,-181.6562334549879,0,0.2052293254851928
903,141786,-131.80218919255867,0,0.14617488377994672
904,141935,-37.87727839394866,1,0.034040046718787124
905,142048,-68.28749222467748,1,0.04772993819721777
906,142107,-60.14038558783358,1,0.04848857234892255
907,142157,-52.029723644168534,1,0.003765369794048744
908,142208,-34.323604765651034,1,0.042132949657985336
909,142306,-166.4854811734952,1,0.004865745131286453
910,142556,-97.65421876918352,0,0.15984922591636433
911,142806,-115.87538737132174,0,0.15265381947439577
912,143056,-102.14320337655008,0,0.058838637209694164
913,143306,-76.77206692740923,0,0.173857959531415
914,143412,-98.06454116999261,1,0.01973329643966647
915,143489,-68.91469573040096,1,0.04776066879050057
916,143739,-210.7066760634942,0,0.08494803699891462
917,143823,-39.50045773960021,1,0.04925052706962611
918,143885,-40.194849804470564,1,0.04771550349335214
919,143957,-98.5233957237506,1,0.04727944250985369
920,144182,-85.51931761216541,1,0.04971009703507372
921,144275,-88.88084261008146,1,0.04920175989220317
922,144340,-72.6696077683284,1,0.03831102414222307
923,144394,-60.42097443379373,1,0.01332460644134934
924,144422,-9.624185999012665,1,0.04311884955062484
925,144672,-67.23887742184549,0,0.08553545952381332
926,144798,-130.3967207009062,1,0.04933385952028724
927,144851,-32.29926680733995,1,0.04762119361285897
928,144944,-78.50753705130259,1,0.03851782978895348
929,145031,-101.86121096453704,1,0.04959869598332521
930,145106,-101.55075175891066,1,0.04857075417044013
931,145163,-96.6510972821097,1,0.033316754845318146
932,145215,-72.39600398735111,1,0.02821274644621183
933,145465,-138.11860674449994,0,0.09144763622859566
934,145540,-62.25930519158821,1,0.04884466082454465
935,145583,-16.584973059921158,1,0.04919265337064272
936,145833,-192.9885150509741,0,0.14725638873069596
937,145870,-11.899836378000144,1,0.01727470317506642
938,145924,-48.17466151212953,1,0.026333166115288586
939,145979,-82.68439690205015,1,0.03621429737733236
940,146044,-67.36058926303133,1,0.019770218734190822
941,146101,-63.81929566285522,1,0.010729134438799559
942,146351,-105.2527929909574,0,0.23992270974125116
943,146387,-19.462694471391572,1,0.04259324811562274
944,146420,-24.468792333819824,1,0.04775710643574598
945,146670,-143.23900639497515,0,0.2910095807402852
946,146775,-97.79949884448193,1,0.04718923408053662
947,147025,-131.6763916560642,0,0.1062625106904475
948,147053,-13.547205245394373,1,0.017376811542508384
949,147104,-54.532137177976196,1,0.02846832313849156
950,147132,-8.72405540166494,1,0.019593205447273054
951,147275,-82.19772972032983,1,0.03818108443476038
952,147525,-77.64845654093271,0,0.09025284620086768
953,147583,-93.66669073416132,1,0.029598041417595127
954,147657,-79.1276810053694,1,0.04778545713898249
955,147907,-121.47750673417053,0,0.25106979078143876
956,147965,-85.47193022495371,1,0.029632753530027874
957,148030,-62.642860123074655,1,0.014556917165764521
958,148067,-24.175302421439977,1,0.04890759903885929
959,148317,-137.88553667422636,0,0.055446802856382024
960,148378,-73.62503249183547,1,0.03437031896773262
961,148628,-122.7778954820158,0,0.16839025081167278
962,148878,-75.6209930717389,0,0.08875372425304967
963,148912,-21.59577250625121,1,0.0043505464264413625
964,148976,-37.81548001139366,1,0.04897007869973518
965,149226,-191.54353502952722,0,0.1119031731692637
966,149464,-108.56399153221325,1,0.04883842418613957
967,149688,-117.93609139266795,1,0.046492937606421564
968,149743,-69.85508550014556,1,0.029536680047154318
969,149821,-87.0598591821388,1,0.03881120137827286
970,149865,-27.52777368942938,1,0.044574141693733714
971,149916,-34.89910041107534,1,0.021579638414852654
972,149971,-33.37068623811254,1,0.044253814212579214
973,150076,-73.90881270800746,1,0.04885261967186907
974,150326,-135.84658510135029,0,0.08468680484437255
975,150576,-153.76107566277423,0,0.09904143543915972
976,150604,-13.20657182215992,1,0.043406303280065735
977,150667,-66.48981038714986,1,0.04834804511049611
978,150917,-72.61869684921666,0,0.0864852409849036
979,151167,-91.11626538490772,0,0.1322778041701952
980,151221,-61.954659739134655,1,0.028051376758066047
981,151303,-38.86634424902314,1,0.04973568974962242
982,151363,-28.300104151656754,1,0.049935801702322584
983,151389,-15.665156921186497,1,0.03767399911585215
984,151439,-51.12671653455409,1,0.04779051190857536
985,151599,-32.184280821343364,1,0.04314460367659191
986,151796,-133.69871829716064,1,0.04884159550406482
987,151864,-19.94886819654093,1,0.046791299668703004
988,152114,-139.32082704516992,0,0.09730663032617708
989,152364,-62.80804543485726,0,0.1237346200719249
990,152441,-78.25197322301273,1,0.04692558338526961
991,152475,-23.857504303121615,1,0.02653615097060298
992,152725,-85.61883054310435,0,0.24146046502167223
993,152784,-51.30450031510418,1,0.04613518984898873
994,153034,-67.46712708209508,0,0.08358697223852027
995,153120,-76.58842332567974,1,0.04973044380832181
996,153162,-32.3473907536342,1,0.04707807497617515
997,153412,-114.97211562453586,0,0.19937652773644093
998,153662,-106.63399274421955,0,0.18607868677452064
999,153912,-264.9401881089045,0,0.91304494456159
1000,153952,-30.63344668084168,1,0.04222317734540235
1001,153987,-17.67547647372124,1,0.0330045033677509
1002,154025,-44.49106822703558,1,0.008600956962746665
1003,154120,-133.21454532849856,1,0.049150971696307805
1004,154173,-51.9042395735025,1,0.0359449315263079
1005,154423,-52.489926758564955,0,0.11346432587914879
1006,154476,-47.95492775342259,1,0.011941894524867961
1007,154726,-107.12894227032658,0,0.21084799784350067
1008,154764,-30.65653658816543,1,0.04111505554319135
1009,155014,-72.61028301668705,0,0.1645762945166364
1010,155264,-67.64684901767866,0,0.11313279985401826
1011,155343,-52.8572122884821,1,0.04551916202277498
1012,155593,-102.7986078610511,0,0.11197867676563726
1013,155623,-16.69240471956676,1,0.047661331311884235
1014,155713,-36.74339887243256,1,0.04781206259479518
1015,155963,-70.67850605296594,0,0.12944123839270277
1016,155992,-11.037404690039528,1,0.03882401667592579
1017,156162,-58.80163000068396,1,0.049106159816468445
1018,156412,-138.04079696249298,0,0.12931812275365429
1019,156482,-33.50869966685973,1,0.04943405132795719
1020,156732,-87.72424708101708,0,0.13917567804093975
1021,156883,-34.681657291834455,1,0.04806118415336471
1022,157133,-120.26067187761073,0,0.15787751517550797
1023,157273,-72.77729198393484,1,0.03796006567762375
1024,157523,-88.75770167736168,0,0.13285592575320868
1025,157666,-82.1501729828686,1,0.049309340978756076
1026,157916,-75.19221149426681,0,0.16640571733686113
1027,157973,-58.160435698959034,1,0.021429519630421154
1028,158013,-44.5199866719156,1,0.029753276168639015
1029,158068,-46.1596832321139,1,0.028628604064920352
1030,158109,-22.407206302824406,1,0.04661701395710297
1031,158228,-93.06918268737826,1,0.04893519936853929
1032,158337,-70.00683814232619,1,0.04849837857412451
1033,158433,-101.54899161207786,1,0.049258820456998566
1034,158505,-117.34681357034668,1,0.049064256683172505
1035,158617,-77.00220698126174,1,0.04928525614312415
1036,158651,-21.237959789680627,1,0.03298875234487563
1037,158701,-31.63558364043039,1,0.04879852753017104
1038,158923,-113.91398394925959,1,0.04817247725992964
1039,159004,-39.149987548551145,1,0.04949434993625161
1040,159081,-82.41708885900745,1,0.04917881566835449
1041,159155,-32.81736801900058,1,0.048589817375136984
1042,159199,-13.386119411863348,1,0.047700242289153705
1043,159246,-55.14800784802617,1,0.032660492371878326
1044,159310,-115.78902109043602,1,0.020779961184526855
1045,159336,-12.973201010142256,1,0.01765128799132154
1046,159586,-64.8834728760536,0,0.09479019226644678
1047,159644,-36.30791141367085,1,0.046137926407115254
1048,159673,-18.16543825239894,1,0.04618800272190741
1049,159766,-144.67080101275647,1,0.03823854461332655
1050,159913,-29.15143671738936,1,0.039798723024434435
1051,160012,-61.879393382969596,1,0.0474882254593089
1052,160123,-37.289987143119596,1,0.04807811339667187
1053,160373,-83.67120136310031,0,0.12591153751353118
1054,160623,-162.43972942890147,0,0.20879631116562433
1055,160873,-135.50258725650025,0,0.13225806464912818
1056,160897,-10.092011313307871,1,0.025208024302608566
1057,161147,-117.48566409229686,0,0.057576281486674145
1058,161201,-86.84230794015,1,0.041863696431290974
1059,161275,-68.84539097888481,1,0.04831840979254527
1060,161320,-14.271828602525947,1,0.03786270842009311
1061,161350,-26.49717145495456,1,0.02613794405489945
1062,161600,-61.656546007216,0,0.08762373868285286
1063,161850,-70.70241869035348,0,0.08338967006761953
1064,161960,-104.8981697854662,1,0.04976842504961178
1065,162210,-92.2690049579668,0,0.15837700290907183
1066,162272,-82.26440949716604,1,0.042471369846714804
1067,162522,-130.32708356183215,0,0.17545390869300062
1068,162577,-64.13010695051345,1,0.04451547114351592
1069,162649,-72.45098926337035,1,0.04118474359345802
1070,162704,-49.75668503965582,1,0.02212533265656624
1071,162822,-120.77911207220839,1,0.04924522420102985
1072,162891,-103.36202905300917,1,0.021825202587421415
1073,163035,-42.43348919561044,1,0.048754728499899515
1074,163083,-53.76758113641836,1,0.04773662312639979
1075,163144,-31.306527122283796,1,0.04759763403939247
1076,163394,-188.7836855620968,0,0.32677735234592714
1077,163434,-25.904905888058472,1,0.03586346653090344
1078,163481,-49.40378042823298,1,0.04850586378244813
1079,163536,-67.06834252127449,1,0.03501485426878271
1080,163655,-104.72371029487998,1,0.04675768908574845
1081,163881,-53.287512391084704,1,0.04968727265899423
1082,163943,-55.64083231271846,1,0.008328670416530973
1083,164024,-80.79738623808014,1,0.04929874935073899
1084,164103,-82.52011364695993,1,0.029411596877531355
1085,164132,-18.878077436883757,1,0.029854266239810672
1086,164382,-109.70091025550171,0,0.10820755930174228
1087,164632,-55.922135337214605,0,0.16395147787696104
1088,164707,-115.7805225326374,1,0.048647454261428205
1089,164800,-118.95941273879933,1,0.03494160826819135
1090,164854,-103.43204147330033,1,0.018871148461749577
1091,164929,-93.63115569346157,1,0.01337771033644777
1092,165006,-86.0155067734535,1,0.024859822839135955
1093,165041,-26.033570805955485,1,0.027671458056800238
1094,165291,-131.91390731557837,0,0.1394029047619828
1095,165353,-67.24746756361573,1,0.04755880935466384
1096,165469,-130.46199319079474,1,0.04853589949853652
1097,165719,-181.50017997474782,0,0.12294783580296181
1098,165825,-58.12239928175674,1,0.048926039678420026
1099,165961,-84.21810563630905,1,0.04617094031626988
1100,166028,-73.51495250464296,1,0.04663619519317238
1101,166278,-56.48602784530775,0,0.13574331449502627
1102,166309,-16.596169664934177,1,0.0384556503132429
1103,166367,-18.121452803522118,1,0.049417643389957674
1104,166617,-80.81316223447588,0,0.12690391482146687
1105,166682,-79.74892044486012,1,0.04988609471804221
1106,166844,-41.57828670672926,1,0.04916238009744697
1107,167094,-124.14575633638528,0,0.20397040095455643
1108,167344,-87.025413377052,0,0.14525232974882216
1109,167445,-159.67480068528099,1,0.04735606110442276
1110,167505,-40.030417222181285,1,0.028038158583346462
1111,167612,-75.2150238840803,1,0.04981941776004285
1112,167862,-105.54534945458127,0,0.06529598424576183
1113,167918,-37.055937043908735,1,0.04761801978686986
1114,168168,-129.8695283372862,0,0.10701925210718112
1115,168201,-23.663698512126402,1,0.0033789480637060887
1116,168349,-118.29281861050829,1,0.04969764313928174
1117,168441,-125.27996370405361,1,0.04737053626006247
1118,168510,-54.99731394591388,1,0.048155250852218404
1119,168760,-69.80342346071673,0,0.07327530211801933
1120,168879,-128.42855258537494,1,0.049269163360350345
1121,168969,-84.59720829704756,1,0.04996711105682428
1122,169003,-2.709548677979946,1,0.04791372560862427
1123,169067,-32.25597413519178,1,0.04984526196952662
1124,169117,-71.97763096029082,1,0.040137355817743116
1125,169367,-119.76426314800875,0,0.11115814995847145
1126,169425,-52.31704871880569,1,0.022834178420184845
1127,169498,-76.36018829805562,1,0.041448864797248026
1128,169575,-75.39361539601352,1,0.03679865196656779
1129,169825,-224.82364733392814,0,0.38478127610361545
1130,169960,-132.46042545121293,1,0.04926185498535624
1131,170029,-78.5758962422685,1,0.035715579768140236
1132,170111,-90.00696237138645,1,0.04859375318108236
1133,170141,-19.04087372341869,1,0.036265844323695055
1134,170209,-80.93488473786732,1,0.0493747726852712
1135,170281,-78.4316027889124,1,0.0247509617170692
1136,170343,-59.022807038962384,1,0.02321056348905325
1137,170593,-133.50086853585202,0,0.18486709158797576
1138,170655,-73.83645039050042,1,0.02813375979468309
1139,170718,-71.23458218480327,1,0.03246356012450653
1140,170784,-76.98165374698182,1,0.03333777076521158
1141,171034,-65.92593560486766,0,0.1204092104159211
1142,171083,-30.483864755992748,1,0.0479020420374896
1143,171152,-85.48481716766862,1,0.020255359542427406
1144,171402,-150.26454901764495,0,0.1128929061428034
1145,171467,-88.24433606905983,1,0.034623366745789114
1146,171717,-142.47668458815457,0,0.23757334205057948
1147,171813,-150.27774841865352,1,0.025806276997318908
1148,172063,-66.78703640312901,0,0.13682636481411076
1149,172128,-67.6519455185726,1,0.03595275979354713
1150,172222,-46.32724500486447,1,0.04975464308065518
1151,172259,-31.90038344698454,1,0.027844523461510205
1152,172343,-110.09375795152111,1,0.04770124324593067
1153,172387,-60.44410821381799,1,0.046003027025048895
1154,172441,-63.96530433721701,1,0.03887711881766267
1155,172661,-149.95097639428113,1,0.0391388530614228
1156,172735,-68.65574234774914,1,0.04857912774622446
1157,172797,-77.28220408912604,1,0.04336641263144362
1158,172860,-72.33606104493082,1,0.043600059199879936
1159,173110,-98.40820537381924,0,0.17949625178186374
1160,173175,-61.547678581963766,1,0.004600790554798346
1161,173214,-22.01720315922673,1,0.04358903430100623
1162,173464,-75.39649935872919,0,0.12078542657191282
1163,173526,-78.41378431729123,1,0.023173693683537964
1164,173621,-34.393246362119115,1,0.04805875443566082
1165,173871,-138.70177285842354,0,0.31643494302291797
1166,173902,-28.459163515064894,1,0.049559236678535595
1167,173945,-57.4999642359459,1,0.04607559177803331
1168,174195,-125.10467281035423,0,0.09074205872808813
1169,174234,-19.195970588290628,1,0.019404241638046764
1170,174348,-106.73677442013604,1,0.04555035655829798
1171,174421,-20.65952663469547,1,0.044876075511999694
1172,174474,-20.602767660669524,1,0.04599810678323392
1173,174569,-92.715330765457,1,0.04971919944376581
1174,174617,-46.37724587424705,1,0.013469726520293834
1175,174652,-26.12758063612459,1,0.042014097123054435
1176,174691,-15.277155706279036,1,0.04967954456516729
1177,174941,-70.5477442176881,0,0.1288305119065648
1178,175008,-81.64203181635047,1,0.02426625249938127
1179,175154,-126.13544777203975,1,0.0499616835185102
1180,175231,-85.86805338059506,1,0.03347790145494125
1181,175298,-93.5478731819246,1,0.002560319945257118
1182,175332,-10.79752626068284,1,0.04027874863869281
1183,175397,-41.824097857468175,1,0.04659335289969224
1184,175433,-25.782950253894874,1,0.046604278165924
1185,175500,-75.52904171836997,1,0.020552228415843612
1186,175569,-52.66786845502919,1,0.04625392507974488
1187,175678,-41.24892797165033,1,0.04976087808027209
1188,175716,-24.649343486984478,1,0.037622773973724384
1189,175810,-127.90688469312788,1,0.026754429510181428
1190,175862,-36.388654355166516,1,0.03777682240628128
1191,175953,-97.2806027223318,1,0.04998146164554706
1192,176203,-59.69704744473044,0,0.16667079573362958
1193,176453,-63.55829336750503,0,0.1483956490186527
1194,176573,-85.59457399452862,1,0.04969799811152389
1195,176661,-73.87002786279206,1,0.044660850322013994
1196,176757,-99.57562664409937,1,0.048617218642161904
1197,176793,-12.684982460228586,1,0.04710855512318363
1198,176852,-39.19327676888369,1,0.049506157248551313
1199,177102,-133.58854100336325,0,0.16159696269356089
1200,177178,-112.33196218063026,1,0.04987142904073542
1201,177416,-139.73063007713864,1,0.048613528077685396
1202,177478,-93.97094681997886,1,0.03834851757408153
1203,177553,-101.7564815509734,1,0.048822624447306784
1204,177803,-89.3622954588874,0,0.08540121805693568
1205,177858,-32.81635502613184,1,0.038751294180138146
1206,177919,-49.60329780209898,1,0.04970265176385354
1207,177954,-17.592470113818173,1,0.025567144166601306
1208,178036,-102.62844628629261,1,0.025529201407102783
1209,178071,-15.61693136584433,1,0.048318605232483346
1210,178321,-168.90067581915883,0,0.3902740398305719
1211,178385,-78.85406744692425,1,0.04153340529617123
1212,178502,-106.0255771964943,1,0.0475549820038422
1213,178588,-81.82070961902508,1,0.04953494809270401
1214,178626,-23.830367080394513,1,0.03280094177486995
1215,178676,-36.97275175130516,1,0.038940893852803755
1216,178744,-79.4955261334325,1,0.04507835173444518
1217,178844,-166.0650168351049,1,0.04660308176620715
1218,178924,-42.59387841403001,1,0.04891948216840979
1219,179174,-92.04437154642137,0,0.14558281218483862
1220,179278,-41.63505417387148,1,0.024929887501325982
1221,179330,-43.71032728807732,1,0.04703579943086694
1222,179412,-61.52355001262564,1,0.049465629607109964
1223,179471,-44.439707580210566,1,0.04593902603603661
1224,179527,-36.90038199128972,1,0.025377605777586486
1225,179560,-16.097946269307158,1,0.043734207031812876
1226,179611,-30.135118755774073,1,0.048470934731119616
1227,179669,-45.73292904595103,1,0.04732841528338964
1228,179701,-25.472192350213298,1,0.043874716446966805
1229,179771,-110.81663397747324,1,0.017646214719774286
1230,179835,-55.92840970561525,1,0.04405076316803432
1231,179907,-71.28584518884237,1,0.02370613656398885
1232,179958,-36.79233342025047,1,0.04543110145878181
1233,180014,-49.59667517274874,1,0.048870359088029475
1234,180043,-10.604716415402955,1,0.025338589252535404
1235,180090,-30.98283124267462,1,0.04346359145215129
1236,180177,-139.81344582532216,1,0.02371788622569329
1237,180427,-199.77351164868347,0,0.29164438710301394
1238,180570,-140.8890152094025,1,0.0486724080409691
1239,180644,-64.34786003447536,1,0.021217658659227576
1240,180697,-49.2246042255622,1,0.04812443997704281
1241,180757,-53.3095339014973,1,0.046755144181087255
1242,180827,-52.702553006177986,1,0.04821480061350436
1243,180863,-29.593232891268386,1,0.03901224133511657
1244,180931,-118.63389173811592,1,0.04920827281611337
1245,181003,-71.18430495666959,1,0.038540533440768875
1246,181253,-120.69836327585786,0,0.08501379221601112
1247,181503,-84.44370954980454,0,0.10314040512748293
1248,181589,-128.03033891837586,1,0.03768859444881031
1249,181656,-77.26100395768293,1,0.026679677039894354
1250,181706,-50.02934083845332,1,0.021303968630511306
1251,181754,-34.43858830054076,1,0.048725042543009016
1252,181812,-86.28204536535357,1,0.01054831150103891
1253,182062,-198.001388149354,0,0.2276833987969421
1254,182312,-207.99187213681955,0,0.18304667083109005
1255,182384,-80.49647273301153,1,0.0459199100000979
1256,182431,-32.12126747039687,1,0.030408392581053673
1257,182502,-78.91491549846988,1,0.04921578391444168
1258,182541,-28.596059243394684,1,0.031810396010761674
1259,182580,-14.949082061983919,1,0.04367961972651896
1260,182618,-28.652369164304414,1,0.0384706678664106
1261,182760,-38.65602118939762,1,0.04902580804745024
1262,183010,-149.69926516921154,0,0.06152308241745662
1263,183144,-68.94934663243048,1,0.048896039133984256
1264,183213,-69.84351294113455,1,0.04873419337633717
1265,183463,-96.44645647151623,0,0.06880790106461075
1266,183517,-63.001284025238604,1,0.03368751234645386
1267,183578,-77.71640271719818,1,0.04669830001561895
1268,183625,-18.071141646826945,1,0.039277034976476013
1269,183875,-51.84378981014206,0,0.1076991937429618
1270,183961,-73.63239377644949,1,0.047821617779244735
1271,184077,-112.49258101650611,1,0.024648089246530627
1272,184130,-47.26018704890263,1,0.04162379492320855
1273,184206,-78.54363117913405,1,0.025604933557884773
1274,184293,-135.26178343130377,1,0.024858330781070227
1275,184348,-46.40165692652995,1,0.031441083775932605
1276,184445,-119.0289016587851,1,0.0489019467021126
1277,184695,-72.80141153367052,0,0.1603289582383623
1278,184739,-28.913267305776245,1,0.04001751905750558
1279,184796,-45.570560586511704,1,0.04905329866122
1280,184837,-24.736293536770646,1,0.049402567136111505
1281,184910,-51.107719133790106,1,0.03298025866467212
1282,184965,-54.281422972257154,1,0.04901877790275752
1283,185215,-139.59053312021558,0,0.09746503845370383
1284,185465,-153.22249921599172,0,0.09371398410564805
1285,185594,-43.10041929578785,1,0.04986663093314947
1286,185642,-33.57350766517047,1,0.04766456266115584
1287,185719,-94.39396390739266,1,0.049747365894137884
1288,185806,-112.6101952375183,1,0.028725172144491752
1289,185883,-85.13357372976284,1,0.028674695800658137
1290,185939,-22.014862407921726,1,0.04970911287946388
1291,186000,-31.84925554461217,1,0.047648671690262295
1292,186036,-30.791816912800968,1,0.0374354901647041
1293,186098,-71.19764827216714,1,0.04199664404373252
1294,186181,-129.02122722057527,1,0.04792062132812505
1295,186302,-93.91975323297378,1,0.04849315661300172
1296,186413,-119.97649295425542,1,0.03619792351506551
1297,186472,-33.38568965389327,1,0.048975670453389845
1298,186518,-46.817807036191155,1,0.02134935891560195
1299,186660,-133.39472519357398,1,0.04971628838249058
1300,186757,-47.275321603280034,1,0.04907226796267069
1301,186813,-16.505059501191177,1,0.047141978021053944
1302,186870,-61.87228650317466,1,0.042620501572329425
1303,186978,-142.20121787486121,1,0.048397657698180885
1304,187014,-9.607647547894096,1,0.03734806204523497
1305,187264,-75.68138145420936,0,0.1307022926877937
1306,187363,-73.41560191200627,1,0.047939551110672364
1307,187438,-80.49351428318899,1,0.03978327372572915
1308,187497,-69.3378733931122,1,0.04865738422839884
1309,187577,-66.1405667479358,1,0.048986578749299486
1310,187617,-11.783524610838047,1,0.04593762134492654
1311,187661,-45.1609608770992,1,0.030172579882016683
1312,187768,-45.56951077935542,1,0.04931794894544487
1313,188018,-125.79821130584519,0,0.11903426480218673
1314,188074,-48.806137368916104,1,0.04778453046523286
1315,188120,-49.55196246702924,1,0.011184796557053551
1316,188200,-73.90639605875158,1,0.04927082775569963
1317,188280,-78.7441284203461,1,0.04571698233804507
1318,188530,-111.71578704698095,0,0.17180018023258994
1319,188578,-49.33447098804976,1,0.007786046726274354
1320,188647,-72.4023971190862,1,0.03372463545395219
1321,188728,-55.49014895368685,1,0.04706188105272182
1322,188787,-69.33255379880671,1,0.04827099383275416
1323,188829,-22.947822998466336,1,0.02460728245190453
1324,188870,-24.58560369236909,1,0.046747936484119915
1325,188927,-35.418736501390086,1,0.04877420802342885
1326,189177,-123.81302213795652,0,0.1610794475911792
1327,189238,-31.222081205778238,1,0.04632362118612943
1328,189320,-118.11601993270116,1,0.04888434485041022
1329,189364,-5.636019268913266,1,0.022470659405104027
1330,189614,-206.3305375147882,0,0.5211343057372657
1331,189676,-53.277254893074186,1,0.02057306109082864
1332,189775,-79.90257102836071,1,0.049774366016280776
1333,189819,-20.122234342451073,1,0.028845814527668868
1334,189862,-32.63649731987161,1,0.02617865295937904
1335,189904,-18.19388197721964,1,0.04720481199456197
1336,189946,-35.648600818380466,1,0.04401735278367127
1337,190196,-170.50888384496412,0,0.07476767801101458
1338,190292,-163.4333970242182,1,0.029104708098724324
1339,190342,-61.66546049913608,1,0.024135983499572324
1340,190592,-95.47255514716144,0,0.08971343664983153
1341,190842,-222.7006980096639,0,0.15847715525590236
1342,190893,-33.86946772195708,1,0.04544766707970137
1343,190974,-71.83613774090001,1,0.04704372504119874
1344,191224,-162.13506204699002,0,0.11815921888225196
1345,191474,-151.18739833713124,0,0.2534599102390162
1346,191566,-100.82382671516622,1,0.04803173622841671
1347,191816,-83.84418495858928,0,0.08748410328439281
1348,191884,-46.894424622178406,1,0.04647572711127972
1349,192134,-123.47703083788922,0,0.08743135746574235
1350,192384,-62.76837789708687,0,0.10162175152928965
1351,192420,-25.40795017137203,1,0.020933697403364152
1352,192489,-71.80550249863224,1,0.04636510483826829
1353,192557,-76.47492430961599,1,0.02560230223195787
1354,192615,-58.794545491579015,1,0.04699475666523269
1355,192690,-76.10876338517768,1,0.04993985946412823
1356,192940,-125.8427579585749,0,0.12456910321329664
1357,192996,-82.15783562114002,1,0.011749790577801383
1358,193246,-140.33061060802052,0,0.07741998940047969
1359,193289,-41.48111535898363,1,0.036992943381679175
1360,193383,-82.88221447382483,1,0.022762973197011985
1361,193442,-42.03885336698504,1,0.04957058283661375
1362,193692,-151.7563591670621,0,0.18549120765574248
1363,193735,-11.396652288602311,1,0.045864591520458096
1364,193804,-65.2212565746093,1,0.04401099711782917
1365,193835,-16.55372686268535,1,0.04693451064361274
1366,193956,-137.28594441105543,1,0.049078597018504526
1367,194082,-121.83421222176077,1,0.04773964071116956
1368,194127,-33.92048914117942,1,0.04713317177049015
1369,194172,-43.79127438488839,1,0.030544900278798505
1370,194245,-66.76233793226629,1,0.04199330625434589
1371,194307,-75.55486747032943,1,0.04984990061666231
1372,194364,-111.9991492334145,1,0.03687471220844103
1373,194452,-53.1502358653934,1,0.04662973496415149
1374,194524,-72.67635285701301,1,0.038257447497267394
1375,194593,-71.20971998137503,1,0.047459208362114806
1376,194666,-38.339676295192696,1,0.048313225605268975
1377,194708,-18.684243672304166,1,0.01908772045476236
1378,194774,-70.34140714502045,1,0.03524403312524008
1379,194828,-65.44157307519872,1,0.009818099816532588
1380,194886,-33.49911877097237,1,0.048901867945015526
1381,194928,-32.02721405898719,1,0.022247512249814645
1382,195013,-72.10047264691298,1,0.04743212067785708
1383,195072,-78.42079663060137,1,0.027898150768119037
1384,195173,-112.26092969501624,1,0.04992676651545297
1385,195310,-77.64477781480524,1,0.04620381831481311
1386,195373,-33.18868788679638,1,0.04887134458303622
1387,195398,-6.3320791340118845,1,0.04587347127862461
1388,195450,-53.91762469072661,1,0.049152499506681796
1389,195487,-30.70385710910991,1,0.024955976283535193
1390,195551,-62.12970992219113,1,0.0457969702195357
1391,195619,-87.00700488843914,1,0.03808467977990024
1392,195670,-26.03761172638653,1,0.04914772413142017
1393,195920,-93.08013836390317,0,0.09299174660181438
1394,195974,-61.39854146070198,1,0.04685630055641508
1395,196024,-44.323624736094885,1,0.014360594027753817
1396,196131,-62.42109459307982,1,0.04916881235789519
1397,196219,-130.6886722961425,1,0.0423889912103621
1398,196469,-155.4230205625606,0,0.06969548446129382
1399,196576,-131.5101126013587,1,0.048887503369573974
1400,196645,-60.18101825038045,1,0.04576794824806304
1401,196895,-101.53135278324268,0,0.09660707083651975
1402,197145,-141.56442211174374,0,0.12199707917289052
1403,197179,-20.596372869775532,1,0.048947114115065075
1404,197220,-32.51937499575186,1,0.038496120977664514
1405,197291,-118.17503523459189,1,0.048485714676975974
1406,197353,-95.37844907413034,1,0.039799820450818264
1407,197417,-90.7590817168008,1,0.03549357264494199
1408,197667,-72.17902139841298,0,0.1145217596359299
1409,197708,-27.114291860281114,1,0.030401132635572915
1410,197778,-56.4563385248912,1,0.015399086661935924
1411,197869,-79.13494263424242,1,0.027544778368420897
1412,197914,-34.258598120595906,1,0.02987410619067369
1413,197952,-27.69177692246318,1,0.028137398238861234
1414,197988,-21.76515241059993,1,0.03241136796912254
1415,198096,-109.00899871470426,1,0.04829157411883572
1416,198162,-40.81957433123475,1,0.04899747842549332
1417,198208,-18.116539775891276,1,0.03277563455580125
1418,198341,-108.45369556014393,1,0.04780465002790306
1419,198591,-146.58186566186018,0,0.11397876736127144
1420,198658,-77.03614640308963,1,0.03720878277449703
1421,198908,-184.42419577413796,0,0.10918997427828236
1422,198939,-18.24757103127454,1,0.043871558436833984
1423,198963,-15.280692825524651,1,0.04749655784865329
1424,199060,-18.36679152802479,1,0.04141831784179986
1425,199113,-81.77406909986071,1,0.028677305141658203
1426,199174,-66.86723961617919,1,0.049884228826915
1427,199217,-36.19417457932552,1,0.04906567612483095
1428,199261,-36.21245349978685,1,0.04725495439523023
1429,199511,-81.24926229889299,0,0.11409684284933487
1430,199761,-139.33515866969566,0,0.282430596321626
1431,199833,-90.04501460839928,1,0.04726864855279478
1432,199938,-136.3886171426479,1,0.049683448067206135
