scenario,controller,seed,steps,uncertainty_scale_mean,uncertainty_scale_min,uncertainty_norm_mean,uncertainty_norm_max,raw_residual_norm_mean,gated_residual_norm_mean
id_randomized_heldout,A4_train_seed_0,40000,250,0.10031883395507578,0.1,4.294156699198791,9.166538877620882,9.08208650083714,0.9101758081946686
id_randomized_heldout,A4_train_seed_0,40001,250,0.1,0.1,4.793938036689272,14.598269867005571,7.1361052156389615,0.7136105215638964
id_randomized_heldout,A4_train_seed_0,40002,250,0.1,0.1,4.982719038173049,11.53305291972061,8.120176858988792,0.8120176858988795
id_randomized_heldout,A4_train_seed_0,40003,250,0.10004587128965309,0.1,6.655400889382165,12.251714940840746,9.924362827301353,0.9925074600564089
id_randomized_heldout,A4_train_seed_0,40004,250,0.1,0.1,5.0237320278062345,16.939687755528407,10.047771295553805,1.0047771295553807
id_randomized_heldout,A4_train_seed_0,40005,250,0.1,0.1,6.155050383163323,17.100546590021192,5.2446854798591325,0.5244685479859134
id_randomized_heldout,A4_train_seed_0,40006,250,0.1,0.1,4.9623773487613,11.305853008516447,9.49260237968976,0.9492602379689761
id_randomized_heldout,A4_train_seed_0,40007,250,0.1005159037288468,0.1,3.5233840643837184,17.460833306943755,8.240532443518564,0.8281639177181142
id_randomized_heldout,A4_train_seed_0,40008,250,0.1,0.1,4.447799644685553,7.643559404151635,5.073374203262271,0.5073374203262271
id_randomized_heldout,A4_train_seed_0,40009,250,0.10065529932182551,0.1,4.055024473498879,7.292298620386319,6.289592249531536,0.6334679183296663
id_randomized_heldout,A4_train_seed_0,40010,250,0.10004124228052694,0.1,5.367964290311659,7.484747390254327,9.927484175615108,0.9929637772615556
id_randomized_heldout,A4_train_seed_0,40011,37,0.10000000000000002,0.1,5.358660927165422,9.290026659770364,7.6091356121936835,0.7609135612193683
id_randomized_heldout,A4_train_seed_0,40012,250,0.1,0.1,5.11591723497453,14.371141359309723,8.1491644869252,0.81491644869252
id_randomized_heldout,A4_train_seed_0,40013,250,0.10000197711322667,0.1,3.9739293924163115,10.79582217017061,8.131195620301972,0.81313829946427
id_randomized_heldout,A4_train_seed_0,40014,250,0.1,0.1,4.5031282689128815,7.305241137537555,5.29228032485176,0.529228032485176
id_randomized_heldout,A4_train_seed_0,40015,250,0.1,0.1,5.156517782531032,9.59791330887361,7.470129882907291,0.7470129882907292
id_randomized_heldout,A4_train_seed_0,40016,76,0.09999999999999998,0.1,4.23952281562565,5.80020960247628,5.265002598976042,0.5265002598976043
id_randomized_heldout,A4_train_seed_0,40017,70,0.09999999999999996,0.1,5.957307630661208,17.667683594871594,8.664481947841361,0.8664481947841358
id_randomized_heldout,A4_train_seed_0,40018,250,0.1,0.1,4.371123989491806,19.655860832022324,8.537185713473653,0.8537185713473653
id_randomized_heldout,A4_train_seed_0,40019,250,0.10020471265021777,0.1,3.65100024508419,6.923842870295326,9.153416374146273,0.9169127371449182
id_randomized_heldout,A4_train_seed_0,40020,250,0.10008408130401952,0.1,4.3003860034284935,9.135302193480092,9.113586263194323,0.9116044731006474
id_randomized_heldout,A4_train_seed_0,40021,250,0.10121944003099907,0.1,4.563059813589456,5.454521121476084,9.468023164874497,0.9510902298455685
id_randomized_heldout,A4_train_seed_0,40022,250,0.1,0.1,6.207787231447095,13.61776573103911,3.6865859725458074,0.3686585972545807
id_randomized_heldout,A4_train_seed_0,40023,250,0.1000956472817116,0.1,4.043889102330267,19.837321536898333,9.83109154282096,0.9840200659731738
id_randomized_heldout,A4_train_seed_0,40024,250,0.1,0.1,4.872578000729636,5.666285921103174,7.853982054557064,0.7853982054557065
id_randomized_heldout,A4_train_seed_0,40025,250,0.1,0.1,4.004984126274495,10.733201436563311,8.402787476968857,0.8402787476968856
id_randomized_heldout,A4_train_seed_0,40026,250,0.1030827864519999,0.1,4.157778903113498,6.9643984887364345,7.467094884451166,0.7635265515947329
id_randomized_heldout,A4_train_seed_0,40027,250,0.1,0.1,5.344024830360765,20.433980165456884,10.326740801398605,1.0326740801398608
id_randomized_heldout,A4_train_seed_0,40028,250,0.10003515172660357,0.1,4.430898178634728,6.472456327278126,10.126446169767869,1.012923690814542
id_randomized_heldout,A4_train_seed_0,40029,65,0.09999999999999999,0.1,10.0525717738095,28.06763838259219,6.90266118772231,0.6902661187722311
id_randomized_heldout,A4_train_seed_0,40030,250,0.1,0.1,6.11264222128616,8.78709734522344,5.7348206776905934,0.5734820677690594
id_randomized_heldout,A4_train_seed_0,40031,250,0.10696527730247524,0.1,2.6233167747079933,9.972061210931749,8.43810375950163,0.9052754861310952
id_randomized_heldout,A4_train_seed_0,40032,250,0.1012825889636712,0.1,4.0212585598578405,5.872065652389004,8.93182921134694,0.8970719930584761
id_randomized_heldout,A4_train_seed_0,40033,250,0.10039773833381826,0.1,4.050143048536241,7.583548732268289,5.645117421719085,0.5681346585054561
id_randomized_heldout,A4_train_seed_0,40034,250,0.10062331960578823,0.1,4.01219558659588,7.06611268415213,6.87813629074605,0.6923996361411386
id_randomized_heldout,A4_train_seed_0,40035,250,0.10009079243294818,0.1,4.406915198350145,6.959054645157845,9.843880405445942,0.9850264270319896
id_randomized_heldout,A4_train_seed_0,40036,250,0.1,0.1,4.663446305108756,11.40068865577421,9.137488171042166,0.9137488171042167
id_randomized_heldout,A4_train_seed_0,40037,66,0.10094292272783822,0.1,5.26245576353402,16.49477809074013,7.0514943942718125,0.7156018119985318
id_randomized_heldout,A4_train_seed_0,40038,250,0.10091169859047693,0.1,4.447290335225322,6.550865233376285,9.33958804558276,0.9377147049213354
id_randomized_heldout,A4_train_seed_0,40039,250,0.10062233868245667,0.1,4.462375933732051,5.7642332882761655,9.228959486079294,0.9246558327875203
id_randomized_heldout,A4_train_seed_0,40040,48,0.10305311182756212,0.1,3.792111522584088,6.27742559453424,8.536711504750201,0.8810424497754856
id_randomized_heldout,A4_train_seed_0,40041,250,0.1,0.1,5.377198011177014,13.607947662030927,6.613485265111894,0.6613485265111895
id_randomized_heldout,A4_train_seed_0,40042,250,0.1,0.1,4.197138668806942,8.236486468580347,8.30337941299684,0.8303379412996841
id_randomized_heldout,A4_train_seed_0,40043,250,0.10065663245605262,0.1,3.722959749455961,8.678873296488899,8.049482031483462,0.8077122223997142
id_randomized_heldout,A4_train_seed_0,40044,250,0.1000098595047524,0.1,6.1689210664457095,8.643340240886097,6.961309322275674,0.6961644429905048
id_randomized_heldout,A4_train_seed_0,40045,250,0.10001379394688888,0.1,7.258108832512459,10.205489946421157,7.604389999869819,0.7604540099030056
id_randomized_heldout,A4_train_seed_0,40046,250,0.1,0.1,3.7498221913473415,11.756369925360227,6.840041387413925,0.6840041387413925
id_randomized_heldout,A4_train_seed_0,40047,250,0.10016763218007685,0.1,6.808435319984438,11.018318043044754,8.835095846706846,0.8842149511933628
id_randomized_heldout,A4_train_seed_0,40048,36,0.1014404688418257,0.1,4.935340015818087,6.916339060543764,6.043799505762733,0.6122336742521794
id_randomized_heldout,A4_train_seed_0,40049,250,0.1,0.1,5.242039662442046,8.84874094073883,6.976302414957192,0.6976302414957193
id_randomized_heldout,A4_train_seed_0,40050,250,0.1,0.1,5.349090598914429,6.2128542764592565,9.860871125183039,0.986087112518304
id_randomized_heldout,A4_train_seed_0,40051,250,0.10018000624004245,0.1,5.198415947940699,7.4356473526914515,10.582108891987392,1.0592559002777577
id_randomized_heldout,A4_train_seed_0,40052,250,0.1,0.1,6.0432277634497655,19.569917034606423,5.382069008177557,0.5382069008177557
id_randomized_heldout,A4_train_seed_0,40053,59,0.09999999999999998,0.1,4.201290938901625,5.551484736521341,7.221552652629187,0.7221552652629186
id_randomized_heldout,A4_train_seed_0,40054,250,0.12594563063243752,0.1,2.879237099455526,9.717429214306456,7.583221630113736,0.9683272434947603
id_randomized_heldout,A4_train_seed_0,40055,250,0.1,0.1,3.251078520158247,9.716214730167986,8.032684844625622,0.8032684844625624
id_randomized_heldout,A4_train_seed_0,40056,250,0.1,0.1,4.560752843278448,5.101186748450899,7.842573955607154,0.7842573955607156
id_randomized_heldout,A4_train_seed_0,40057,250,0.10019867959718076,0.1,3.722687501491702,8.432206164757348,6.590963270761002,0.6607635723253507
id_randomized_heldout,A4_train_seed_0,40058,250,0.10001287472110082,0.1,5.468781394105175,6.710853992305614,9.55054395978079,0.9551473360574713
id_randomized_heldout,A4_train_seed_0,40059,250,0.1,0.1,4.180299115219517,4.5807993492959085,10.502600776749064,1.0502600776749065
id_randomized_heldout,A4_train_seed_0,40060,250,0.10006104105305766,0.1,3.856719954773975,5.33974416345705,3.400202784828383,0.34058690379304674
id_randomized_heldout,A4_train_seed_0,40061,250,0.1002153912714937,0.1,2.990514158883907,12.150924573636614,6.133058462155401,0.6150888654204875
id_randomized_heldout,A4_train_seed_0,40062,250,0.1,0.1,5.63836725968668,16.43291804707489,7.579032202341645,0.7579032202341647
id_randomized_heldout,A4_train_seed_0,40063,250,0.10005787284926865,0.1,3.7615434467893927,4.998137099169313,10.181005478976775,1.0183840521129088
id_randomized_heldout,A4_train_seed_0,40064,250,0.10031302975999583,0.1,4.399185552965023,5.261125098338852,7.198727999525975,0.7210349181454175
id_randomized_heldout,A4_train_seed_0,40065,250,0.1,0.1,5.212298718117962,17.77731829468809,8.785609310289889,0.878560931028989
id_randomized_heldout,A4_train_seed_0,40066,250,0.13417236931892615,0.1,2.6447152779347536,16.830991799178037,8.008118064625187,1.0566968153576541
id_randomized_heldout,A4_train_seed_0,40067,250,0.1035262331282839,0.1,3.8240648477379446,6.743253777881631,6.405816016378179,0.6682333527984783
id_randomized_heldout,A4_train_seed_0,40068,250,0.10037107768305709,0.1,4.2558328256334494,6.864780253177215,10.037545781838896,1.0059563617074199
id_randomized_heldout,A4_train_seed_0,40069,250,0.1,0.1,3.819312956428321,9.856034392783583,7.811090685188683,0.7811090685188683
id_randomized_heldout,A4_train_seed_0,40070,250,0.1,0.1,5.153038531361699,6.013555287422135,10.568711411177155,1.0568711411177156
id_randomized_heldout,A4_train_seed_0,40071,250,0.1007788820152615,0.1,4.166023389418192,7.2272778428753215,9.021720939340224,0.906075462686086
id_randomized_heldout,A4_train_seed_0,40072,250,0.1,0.1,5.1103488425119235,6.228062642728822,10.116737790119856,1.0116737790119856
id_randomized_heldout,A4_train_seed_0,40073,250,0.1,0.1,4.121313394934845,13.304456983523433,9.010164747743973,0.9010164747743975
id_randomized_heldout,A4_train_seed_0,40074,250,0.1,0.1,4.732613605379045,8.75113577207933,7.16948549414916,0.716948549414916
id_randomized_heldout,A4_train_seed_0,40075,250,0.10016578447501567,0.1,3.460360269666589,9.126494944605733,8.20042462405181,0.8213859766451944
id_randomized_heldout,A4_train_seed_0,40076,250,0.10010348931590625,0.1,3.7496837409013346,7.785657074872914,6.21134200207402,0.6221136995200132
id_randomized_heldout,A4_train_seed_0,40077,250,0.1,0.1,5.638417988038911,6.75517352904434,8.986728349331468,0.8986728349331468
id_randomized_heldout,A4_train_seed_0,40078,70,0.09999999999999996,0.1,5.334145773380169,10.448080679951671,7.328994446196269,0.7328994446196271
id_randomized_heldout,A4_train_seed_0,40079,250,0.1,0.1,4.053938332015389,8.134102253161194,8.83421306903788,0.8834213069037882
id_randomized_heldout,A4_train_seed_0,40080,47,0.09999999999999995,0.1,5.909961064308054,12.542890893801328,6.564802002789432,0.6564802002789433
id_randomized_heldout,A4_train_seed_0,40081,250,0.1,0.1,6.685346803254761,17.711236366491054,5.319190304508511,0.5319190304508511
id_randomized_heldout,A4_train_seed_0,40082,250,0.10014144985319516,0.1,3.460789771844714,8.261132494609042,7.560374565829372,0.7572378958923152
id_randomized_heldout,A4_train_seed_0,40083,250,0.1,0.1,6.970969267984057,19.16958883173744,5.478714395406064,0.5478714395406066
id_randomized_heldout,A4_train_seed_0,40084,250,0.1,0.1,4.430174501262384,13.214134306137181,10.857930205784974,1.0857930205784974
id_randomized_heldout,A4_train_seed_0,40085,250,0.10001229300725516,0.1,6.333287987938701,9.953010073375564,10.011982182441388,1.0012797343300943
id_randomized_heldout,A4_train_seed_0,40086,250,0.1,0.1,4.693833148013744,5.144671161223159,9.886038458153307,0.9886038458153307
id_randomized_heldout,A4_train_seed_0,40087,250,0.1,0.1,3.8407532149757597,16.643201852355848,10.472747328692305,1.0472747328692302
id_randomized_heldout,A4_train_seed_0,40088,44,0.10163775509117508,0.1,3.871496462707007,6.003149006443977,7.4977525444826645,0.7616907433444662
id_randomized_heldout,A4_train_seed_0,40089,250,0.1,0.1,4.098201205089986,10.483180072162027,8.941664031529662,0.8941664031529664
id_randomized_heldout,A4_train_seed_0,40090,64,0.09999999999999999,0.1,4.624962176774806,9.059155755387662,4.500215080730555,0.45002150807305563
id_randomized_heldout,A4_train_seed_0,40091,250,0.1,0.1,6.602667143827354,10.488687821274207,7.24693508920521,0.724693508920521
id_randomized_heldout,A4_train_seed_0,40092,250,0.10053025766373086,0.1,4.416371837557592,4.544641816805955,5.093805018245772,0.5136442710594286
id_randomized_heldout,A4_train_seed_0,40093,250,0.10054464591256797,0.1,3.905428251635677,9.921286517251044,8.029887333513729,0.8058361305398909
id_randomized_heldout,A4_train_seed_0,40094,250,0.1,0.1,3.77044596336805,6.720165209931025,8.316771000230693,0.8316771000230692
id_randomized_heldout,A4_train_seed_0,40095,250,0.10049373028973099,0.1,4.880804486616224,8.932056507230168,8.966472622827371,0.8997198996313716
id_randomized_heldout,A4_train_seed_0,40096,250,0.10018904083691825,0.1,5.138548999393894,6.095456103512543,9.458341171518615,0.9477684899748849
id_randomized_heldout,A4_train_seed_0,40097,56,0.09999999999999999,0.1,9.623523155160415,21.114474831910975,9.466494621353965,0.9466494621353966
id_randomized_heldout,A4_train_seed_0,40098,250,0.12513362413044823,0.1,2.304871924680581,9.698528899045057,7.0940280654016785,0.8888796088166317
id_randomized_heldout,A4_train_seed_0,40099,250,0.1,0.1,6.126378935797017,17.35758173162216,6.954117040207354,0.6954117040207355
id_randomized_heldout,A4_train_seed_1,40000,250,0.1002145901508352,0.1,4.4365080412235445,11.262086906647584,8.486447055685222,0.8509978614735919
id_randomized_heldout,A4_train_seed_1,40001,250,0.1,0.1,6.0908369728586935,12.938954969027268,10.297281571418875,1.0297281571418875
id_randomized_heldout,A4_train_seed_1,40002,250,0.10007426723484343,0.1,4.788617895868275,15.452894694946812,9.706654415339916,0.9714984422316933
id_randomized_heldout,A4_train_seed_1,40003,250,0.10000991123743477,0.1,4.720519760410554,10.447081341351838,8.01587165373895,0.8016338673212547
id_randomized_heldout,A4_train_seed_1,40004,250,0.1,0.1,6.540658229471079,15.866617342313647,7.435497628162962,0.7435497628162961
id_randomized_heldout,A4_train_seed_1,40005,250,0.1,0.1,7.500302677557525,15.389382241666114,8.281247011593756,0.8281247011593756
id_randomized_heldout,A4_train_seed_1,40006,250,0.1,0.1,6.671352509083526,15.402389975463894,6.100606505181753,0.6100606505181753
id_randomized_heldout,A4_train_seed_1,40007,250,0.1,0.1,5.268359583786928,12.237513185348101,9.197638527654405,0.9197638527654406
id_randomized_heldout,A4_train_seed_1,40008,250,0.1,0.1,3.5636379027939626,9.130831438502463,4.5587602934027265,0.45587602934027255
id_randomized_heldout,A4_train_seed_1,40009,250,0.1,0.1,3.63733932412533,9.52047845515308,3.693474202178175,0.36934742021781747
id_randomized_heldout,A4_train_seed_1,40010,250,0.10001070071258096,0.1,4.733458190426219,10.607451562087606,10.57594724090521,1.0576807187906814
id_randomized_heldout,A4_train_seed_1,40011,64,0.09999999999999999,0.1,4.680945446482008,11.3093651864775,4.122955899069113,0.4122955899069113
id_randomized_heldout,A4_train_seed_1,40012,250,0.1,0.1,6.662072934934232,15.856098699495602,10.368962556450365,1.0368962556450365
id_randomized_heldout,A4_train_seed_1,40013,250,0.10053527675262759,0.1,3.6722498068524345,12.202921529525934,8.59128949373257,0.8649087247154402
id_randomized_heldout,A4_train_seed_1,40014,250,0.1,0.1,4.002151309604466,8.998099791310455,5.714513700621765,0.5714513700621766
id_randomized_heldout,A4_train_seed_1,40015,250,0.1,0.1,6.521364360894863,11.809418617079194,9.856369388651899,0.9856369388651901
id_randomized_heldout,A4_train_seed_1,40016,80,0.10003807486345992,0.1,3.6077997443251513,5.014610608844466,5.478084107312569,0.547851359628941
id_randomized_heldout,A4_train_seed_1,40017,94,0.09999999999999996,0.1,4.652669432751115,12.382874220116674,6.128695375370559,0.612869537537056
id_randomized_heldout,A4_train_seed_1,40018,250,0.1,0.1,5.471724851539715,13.20181784951173,10.022835756994267,1.0022835756994268
id_randomized_heldout,A4_train_seed_1,40019,37,0.10194249751069946,0.1,5.304429584879612,9.101259615183235,7.174857382736007,0.726007701373611
id_randomized_heldout,A4_train_seed_1,40020,250,0.10095263331799066,0.1,3.196875232816214,8.426216466077385,8.019855993615545,0.8106104883685034
id_randomized_heldout,A4_train_seed_1,40021,250,0.1,0.1,6.557629601442115,9.866013232458867,8.159726812862147,0.8159726812862148
id_randomized_heldout,A4_train_seed_1,40022,250,0.1,0.1,6.616755971674629,12.888942260683349,10.002936328487191,1.0002936328487193
id_randomized_heldout,A4_train_seed_1,40023,250,0.1,0.1,4.709142346442766,12.81884655065487,9.257205139342032,0.9257205139342032
id_randomized_heldout,A4_train_seed_1,40024,250,0.1091872242376723,0.1,2.5550937060611085,8.001483057639316,9.920027907839707,1.0846296969033997
id_randomized_heldout,A4_train_seed_1,40025,250,0.10040206798296444,0.1,4.359005353301677,11.925291958681271,9.489847609935783,0.953388193275788
id_randomized_heldout,A4_train_seed_1,40026,250,0.1,0.1,5.491753263531535,11.437103022660743,7.068057017556175,0.7068057017556176
id_randomized_heldout,A4_train_seed_1,40027,250,0.1,0.1,6.868572003925463,15.72285856358314,8.313245444127084,0.8313245444127085
id_randomized_heldout,A4_train_seed_1,40028,250,0.10225553121553235,0.1,2.9131740322032584,8.717329907235317,7.560010465298741,0.7702229101464181
id_randomized_heldout,A4_train_seed_1,40029,70,0.09999999999999996,0.1,10.514208549687655,17.567184808967514,5.476262473253773,0.5476262473253773
id_randomized_heldout,A4_train_seed_1,40030,250,0.10002129430433396,0.1,4.711095048462509,9.936039395882991,3.0814909766140626,0.308313488738062
id_randomized_heldout,A4_train_seed_1,40031,250,0.10044485490954881,0.1,3.509352964333794,8.970935889868782,7.966515541707397,0.8006844321838098
id_randomized_heldout,A4_train_seed_1,40032,250,0.1,0.1,4.559320658750281,8.676613928288134,9.08154248945009,0.9081542489450092
id_randomized_heldout,A4_train_seed_1,40033,250,0.1,0.1,3.758417635328874,10.990605129135064,7.185391691830939,0.7185391691830939
id_randomized_heldout,A4_train_seed_1,40034,250,0.1,0.1,3.664379943178813,9.260906879053977,3.849051055848337,0.3849051055848337
id_randomized_heldout,A4_train_seed_1,40035,250,0.10014598274668546,0.1,4.620624893252337,9.99745444534689,8.294400630464027,0.8309175048281381
id_randomized_heldout,A4_train_seed_1,40036,250,0.1,0.1,6.375993681490179,12.927639853055565,10.352920510926197,1.0352920510926196
id_randomized_heldout,A4_train_seed_1,40037,60,0.1027121588499617,0.1,4.965549468872308,13.163684788048196,6.411283760904567,0.6568785854422782
id_randomized_heldout,A4_train_seed_1,40038,250,0.1,0.1,4.118641370454097,10.66254922120662,9.94843675715563,0.994843675715563
id_randomized_heldout,A4_train_seed_1,40039,250,0.10005792792568478,0.1,3.7908395789239115,8.591856553815365,8.381485159947296,0.8386359436154404
id_randomized_heldout,A4_train_seed_1,40040,37,0.10000000000000002,0.1,5.221701031514008,10.533807874940983,6.411090998473694,0.6411090998473693
id_randomized_heldout,A4_train_seed_1,40041,250,0.1,0.1,6.411587265967977,17.24567600097485,7.571422537240526,0.7571422537240526
id_randomized_heldout,A4_train_seed_1,40042,250,0.1,0.1,5.997969269842895,11.658032630163781,10.161399324935246,1.0161399324935247
id_randomized_heldout,A4_train_seed_1,40043,250,0.1,0.1,4.723798780122419,7.8711563309962935,10.183557800635162,1.0183557800635163
id_randomized_heldout,A4_train_seed_1,40044,250,0.10001278076137822,0.1,4.456053726658177,8.27906850849677,8.246279867611895,0.8246496512422853
id_randomized_heldout,A4_train_seed_1,40045,250,0.1,0.1,4.653113013268366,9.621042996034712,7.401830263826755,0.7401830263826754
id_randomized_heldout,A4_train_seed_1,40046,250,0.1000499708154288,0.1,5.244927555126569,11.470453002972482,8.585335486420403,0.858940041544975
id_randomized_heldout,A4_train_seed_1,40047,250,0.10028890241874398,0.1,4.785455285782438,9.311565533603263,7.601266746981537,0.7619942253965548
id_randomized_heldout,A4_train_seed_1,40048,33,0.1,0.1,4.660010830757301,9.106805396831597,4.6762436321577905,0.46762436321577905
id_randomized_heldout,A4_train_seed_1,40049,250,0.1,0.1,5.90793563500223,11.65245980178208,9.726654399248059,0.9726654399248059
id_randomized_heldout,A4_train_seed_1,40050,250,0.1,0.1,4.073546213868301,7.247337404746284,9.277964503494655,0.9277964503494656
id_randomized_heldout,A4_train_seed_1,40051,250,0.1,0.1,4.495793262783985,9.655315898542774,10.517062969377463,1.0517062969377462
id_randomized_heldout,A4_train_seed_1,40052,250,0.1,0.1,6.83939330759387,15.658092178441889,9.991870817208119,0.9991870817208118
id_randomized_heldout,A4_train_seed_1,40053,61,0.09999999999999996,0.1,4.359106546610218,8.091769312701725,5.666632380902028,0.566663238090203
id_randomized_heldout,A4_train_seed_1,40054,250,0.10009609629789742,0.1,4.742834890444017,15.33365445114754,5.871112193875779,0.5875460008890248
id_randomized_heldout,A4_train_seed_1,40055,250,0.1,0.1,4.071552976918776,12.594882647274,7.265678089778323,0.7265678089778325
id_randomized_heldout,A4_train_seed_1,40056,47,0.09999999999999995,0.1,5.720746758488575,7.524057145841638,7.748271523307157,0.7748271523307159
id_randomized_heldout,A4_train_seed_1,40057,250,0.10012799209787221,0.1,4.597203266697303,11.138221918450165,6.8505118434381105,0.6857732140251454
id_randomized_heldout,A4_train_seed_1,40058,250,0.1,0.1,4.627437727887091,9.955758429025039,8.778503119952617,0.8778503119952618
id_randomized_heldout,A4_train_seed_1,40059,250,0.1,0.1,7.371974659415885,7.721460558810141,10.054659334637279,1.005465933463728
id_randomized_heldout,A4_train_seed_1,40060,109,0.10079238785990664,0.1,3.910399698386491,5.880576195759193,8.676626011060353,0.8739553395799435
id_randomized_heldout,A4_train_seed_1,40061,250,0.10546018616140165,0.1,2.623003244493335,6.88808403050763,8.812917233184141,0.9236483571560189
id_randomized_heldout,A4_train_seed_1,40062,250,0.1,0.1,5.735148201673066,15.301157782054476,10.347246020850834,1.0347246020850835
id_randomized_heldout,A4_train_seed_1,40063,250,0.1,0.1,6.463679490525552,8.314853636195393,9.315336147223144,0.9315336147223142
id_randomized_heldout,A4_train_seed_1,40064,38,0.10000000000000002,0.1,4.769233505588681,8.47429609840334,5.844131428741577,0.5844131428741578
id_randomized_heldout,A4_train_seed_1,40065,250,0.1,0.1,6.745954948437747,14.242557043237012,10.107487546459366,1.0107487546459366
id_randomized_heldout,A4_train_seed_1,40066,250,0.1,0.1,3.908039305234689,13.816807882737372,6.288394304412326,0.6288394304412327
id_randomized_heldout,A4_train_seed_1,40067,250,0.1,0.1,3.8933014019339582,9.616760996115032,5.790603109485999,0.5790603109485999
id_randomized_heldout,A4_train_seed_1,40068,250,0.1,0.1,5.650684284045124,9.171424947812241,8.377767681494309,0.8377767681494307
id_randomized_heldout,A4_train_seed_1,40069,250,0.10024373122312982,0.1,3.95218243783994,12.700415593045504,8.204651491216318,0.8222440402987182
id_randomized_heldout,A4_train_seed_1,40070,250,0.1,0.1,6.793830789108384,8.460499107737379,8.4834814850413,0.8483481485041301
id_randomized_heldout,A4_train_seed_1,40071,250,0.1,0.1,4.676382459085671,9.76923425409568,7.919174577652502,0.7919174577652504
id_randomized_heldout,A4_train_seed_1,40072,250,0.1,0.1,6.5428213739601135,7.957005428824956,10.01792902995969,1.0017929029959691
id_randomized_heldout,A4_train_seed_1,40073,250,0.1,0.1,5.55589143112909,12.768269661515493,9.555337523195716,0.9555337523195717
id_randomized_heldout,A4_train_seed_1,40074,250,0.1,0.1,5.364362668965696,11.460090063999461,10.566594274462826,1.0566594274462828
id_randomized_heldout,A4_train_seed_1,40075,250,0.1,0.1,4.368498071554008,13.70258024653912,7.175523485577064,0.7175523485577066
id_randomized_heldout,A4_train_seed_1,40076,250,0.1,0.1,3.6083996325120236,10.938024919774502,5.70325318765155,0.570325318765155
id_randomized_heldout,A4_train_seed_1,40077,250,0.1,0.1,4.2704806747481125,9.334735289835,8.475876684602039,0.8475876684602038
id_randomized_heldout,A4_train_seed_1,40078,62,0.100025215240387,0.1,5.769605550715964,8.474215961371096,6.412798842151793,0.6414292743614107
id_randomized_heldout,A4_train_seed_1,40079,250,0.1,0.1,5.851181132812003,11.061230301583546,9.97768315479137,0.997768315479137
id_randomized_heldout,A4_train_seed_1,40080,47,0.09999999999999995,0.1,5.6075550957819615,12.080906516983116,5.278391300298238,0.5278391300298237
id_randomized_heldout,A4_train_seed_1,40081,250,0.1,0.1,7.648118642278132,15.989836133570805,7.183896021962297,0.7183896021962298
id_randomized_heldout,A4_train_seed_1,40082,250,0.1,0.1,5.118266107932275,12.428335654908127,9.196153256145724,0.9196153256145725
id_randomized_heldout,A4_train_seed_1,40083,250,0.1,0.1,7.281456266345958,15.871868414400192,9.10537581497781,0.9105375814977811
id_randomized_heldout,A4_train_seed_1,40084,250,0.1,0.1,6.232181025383546,13.421686067002675,8.6315251099677,0.8631525109967703
id_randomized_heldout,A4_train_seed_1,40085,250,0.10242584756600266,0.1,5.02581471060329,7.440187621211823,9.46347028309407,0.9692518036503209
id_randomized_heldout,A4_train_seed_1,40086,250,0.1,0.1,5.239342665721999,7.239111406381566,7.348455016286948,0.7348455016286948
id_randomized_heldout,A4_train_seed_1,40087,250,0.1,0.1,5.283238629031339,13.242664221294103,10.775320363063287,1.0775320363063288
id_randomized_heldout,A4_train_seed_1,40088,46,0.10047882254822331,0.1,4.584018968853074,7.821980967932003,4.630128075378837,0.4667604107725839
id_randomized_heldout,A4_train_seed_1,40089,250,0.1,0.1,5.472456737059119,11.69518049829604,10.027941487056141,1.0027941487056142
id_randomized_heldout,A4_train_seed_1,40090,64,0.09999999999999999,0.1,5.242095120278041,10.024281647310126,4.235327309803129,0.42353273098031285
id_randomized_heldout,A4_train_seed_1,40091,250,0.1,0.1,4.928324517273385,8.551644806711534,7.441330987538503,0.7441330987538503
id_randomized_heldout,A4_train_seed_1,40092,250,0.10032705976918553,0.1,6.631665413334388,7.7877017688367,9.513173040818353,0.9544018772011179
id_randomized_heldout,A4_train_seed_1,40093,250,0.10042025909270276,0.1,5.224676672173908,8.968226516972432,9.785792564565396,0.9823732527334817
id_randomized_heldout,A4_train_seed_1,40094,250,0.1,0.1,3.7816938684573396,8.165711296398207,5.292623254778415,0.5292623254778416
id_randomized_heldout,A4_train_seed_1,40095,250,0.13386383064112983,0.1,2.521051354706426,10.947212087960423,8.686893999880642,1.1676186579530743
id_randomized_heldout,A4_train_seed_1,40096,250,0.10199641794654563,0.1,4.334288589592646,9.056611072451332,8.78545191246659,0.8947578160849854
id_randomized_heldout,A4_train_seed_1,40097,250,0.1,0.1,11.125612020677629,15.94103313632159,9.001174935500389,0.9001174935500389
id_randomized_heldout,A4_train_seed_1,40098,69,0.10463570205952824,0.1,3.591858460169259,8.85409701310668,5.322058054971976,0.5675291481297964
id_randomized_heldout,A4_train_seed_1,40099,250,0.1,0.1,7.62905304418388,13.929350647405286,6.73463333935863,0.673463333935863
id_randomized_heldout,A4_train_seed_2,40000,250,0.1,0.1,5.986786775264983,12.068485939619631,9.38938140597476,0.9389381405974762
id_randomized_heldout,A4_train_seed_2,40001,250,0.1,0.1,9.060750530319915,15.259342892218909,7.945058878035719,0.7945058878035719
id_randomized_heldout,A4_train_seed_2,40002,250,0.1,0.1,4.9436853871531845,13.364337602778658,9.312715768855968,0.9312715768855969
id_randomized_heldout,A4_train_seed_2,40003,250,0.10055439068897075,0.1,10.316904383431028,13.204506532614285,9.005370735337518,0.9024759584711808
id_randomized_heldout,A4_train_seed_2,40004,250,0.1,0.1,8.428572484613031,14.223077398414368,5.118686304756223,0.5118686304756224
id_randomized_heldout,A4_train_seed_2,40005,250,0.1,0.1,9.102196590003517,18.03513397125695,7.098072437198889,0.7098072437198889
id_randomized_heldout,A4_train_seed_2,40006,250,0.1,0.1,8.281170746801383,14.829902707957006,6.4802976996069335,0.6480297699606933
id_randomized_heldout,A4_train_seed_2,40007,250,0.1,0.1,8.29993210777027,18.648867213195253,10.01902638083147,1.0019026380831468
id_randomized_heldout,A4_train_seed_2,40008,250,0.1,0.1,7.447025413678837,7.863045343730631,8.042763084916201,0.8042763084916202
id_randomized_heldout,A4_train_seed_2,40009,250,0.1,0.1,7.332083115352211,7.723682866224145,7.459574290982224,0.7459574290982224
id_randomized_heldout,A4_train_seed_2,40010,250,0.1,0.1,3.4463372311259453,7.706793935591229,7.994147138721975,0.7994147138721975
id_randomized_heldout,A4_train_seed_2,40011,39,0.10000000000000002,0.1,7.293118253452533,8.414527636054872,6.7966695137365605,0.6796669513736561
id_randomized_heldout,A4_train_seed_2,40012,250,0.1,0.1,9.370453635408525,16.82029331292109,10.486747221140114,1.0486747221140114
id_randomized_heldout,A4_train_seed_2,40013,250,0.1,0.1,4.209594517573311,14.09833671586358,7.044602318684654,0.7044602318684655
id_randomized_heldout,A4_train_seed_2,40014,250,0.10004072711537901,0.1,6.471016224331655,7.7056556928366,7.7255988476316295,0.7729488132805075
id_randomized_heldout,A4_train_seed_2,40015,250,0.1,0.1,9.66064527965862,14.488710520860195,9.88729215181217,0.988729215181217
id_randomized_heldout,A4_train_seed_2,40016,74,0.09999999999999998,0.1,5.019320923160401,7.409128563816578,7.470497813447583,0.7470497813447583
id_randomized_heldout,A4_train_seed_2,40017,250,0.1,0.1,6.993130063268138,17.053546830653865,5.310984260503949,0.5310984260503949
id_randomized_heldout,A4_train_seed_2,40018,250,0.1,0.1,8.78315851420598,22.028240221417647,8.114554708109864,0.8114554708109866
id_randomized_heldout,A4_train_seed_2,40019,250,0.10029058309970373,0.1,3.460950844921591,7.885656383676651,9.270832923614899,0.9297475303287339
id_randomized_heldout,A4_train_seed_2,40020,250,0.10012109173983723,0.1,3.2028315713664552,12.726708004395762,10.016794924182188,1.002382797022349
id_randomized_heldout,A4_train_seed_2,40021,250,0.10055104012870512,0.1,3.5570683689924936,7.28686835478168,9.091000501411898,0.9101370303819422
id_randomized_heldout,A4_train_seed_2,40022,250,0.1,0.1,10.101582108578867,20.25984890033971,9.891296164942373,0.9891296164942374
id_randomized_heldout,A4_train_seed_2,40023,250,0.1,0.1,8.88461295386519,19.582138254335696,7.490635533300989,0.749063553330099
id_randomized_heldout,A4_train_seed_2,40024,250,0.10021864010565605,0.1,4.768574401307946,6.651699561645558,8.762053760524406,0.8779063303909516
id_randomized_heldout,A4_train_seed_2,40025,250,0.1,0.1,5.342084303424224,13.792622902582886,8.196343435787014,0.8196343435787016
id_randomized_heldout,A4_train_seed_2,40026,250,0.1,0.1,6.729197661048241,7.929694466873265,9.353661132468412,0.9353661132468413
id_randomized_heldout,A4_train_seed_2,40027,250,0.1,0.1,9.232854689670402,17.69191055126966,8.978614515400286,0.8978614515400286
id_randomized_heldout,A4_train_seed_2,40028,250,0.10014648700420656,0.1,2.9264992006670663,8.10138388885559,9.247515775091312,0.9258839525864806
id_randomized_heldout,A4_train_seed_2,40029,65,0.09999999999999999,0.1,13.123854587188918,29.130889740322186,7.418124540047236,0.7418124540047236
id_randomized_heldout,A4_train_seed_2,40030,250,0.1,0.1,7.676063674003817,12.123480889867983,4.736584196126847,0.4736584196126847
id_randomized_heldout,A4_train_seed_2,40031,250,0.1,0.1,4.968233276519677,13.417538090528803,5.383080696244288,0.5383080696244289
id_randomized_heldout,A4_train_seed_2,40032,250,0.1003908845555281,0.1,3.3346412016333717,8.240133358639799,7.994462253453403,0.8007102654262606
id_randomized_heldout,A4_train_seed_2,40033,250,0.1,0.1,7.310064915583907,8.336579958416252,7.371569928114293,0.7371569928114293
id_randomized_heldout,A4_train_seed_2,40034,250,0.1,0.1,7.4824414892303155,7.818303986683509,7.686242659917366,0.7686242659917366
id_randomized_heldout,A4_train_seed_2,40035,250,0.10017961133857264,0.1,5.396043838648754,8.362086532510089,7.744581056893894,0.7749739094393938
id_randomized_heldout,A4_train_seed_2,40036,250,0.1,0.1,9.860547311420502,15.3350731585528,8.287023950322636,0.8287023950322637
id_randomized_heldout,A4_train_seed_2,40037,63,0.09999999999999995,0.1,5.320792802432728,25.61692891878646,6.274339225885804,0.6274339225885803
id_randomized_heldout,A4_train_seed_2,40038,250,0.10025959198056038,0.1,5.331138311841096,7.898810568406627,8.047578458876162,0.8065887699436316
id_randomized_heldout,A4_train_seed_2,40039,250,0.10093897636301599,0.1,3.311742053848025,7.081322899396842,7.900173397672156,0.7984118722380054
id_randomized_heldout,A4_train_seed_2,40040,41,0.09999999999999999,0.1,4.892793926191076,6.418449759647576,6.516046633736351,0.6516046633736352
id_randomized_heldout,A4_train_seed_2,40041,250,0.1,0.1,10.555722637286648,20.682119023887473,10.059403743675839,1.005940374367584
id_randomized_heldout,A4_train_seed_2,40042,250,0.1,0.1,8.953441442089897,10.14608459085903,9.471383141212272,0.9471383141212271
id_randomized_heldout,A4_train_seed_2,40043,250,0.1,0.1,4.839273223351748,11.03651557049442,7.957526456070305,0.7957526456070304
id_randomized_heldout,A4_train_seed_2,40044,250,0.1,0.1,8.473900591958639,10.617451901829225,6.453290647395061,0.645329064739506
id_randomized_heldout,A4_train_seed_2,40045,250,0.10069256665954517,0.1,9.534905376565987,12.984213976095742,7.787408407721658,0.782110789971446
id_randomized_heldout,A4_train_seed_2,40046,250,0.10001259228227491,0.1,3.598767437195584,16.885301136434304,7.463646958241559,0.7464572527863786
id_randomized_heldout,A4_train_seed_2,40047,250,0.10033059048959911,0.1,10.478077682943033,15.388737474017917,8.886989301814657,0.8911460081567555
id_randomized_heldout,A4_train_seed_2,40048,35,0.10000000000000002,0.1,5.753504688789613,8.591581760778936,7.122983955054282,0.7122983955054282
id_randomized_heldout,A4_train_seed_2,40049,250,0.1,0.1,9.323299931967602,12.142410693675851,9.698931408879082,0.9698931408879082
id_randomized_heldout,A4_train_seed_2,40050,250,0.10028670777993998,0.1,3.0001078195845436,5.059277480816996,6.082297477300754,0.6104934813601665
id_randomized_heldout,A4_train_seed_2,40051,250,0.10019506059257018,0.1,3.0610550623681054,7.915953555226085,6.664271610395338,0.6676866259761696
id_randomized_heldout,A4_train_seed_2,40052,250,0.1,0.1,9.263637958134975,26.32326474219869,8.349132767876098,0.8349132767876098
id_randomized_heldout,A4_train_seed_2,40053,62,0.09999999999999996,0.1,5.404220515557285,7.185522887458846,7.52910000714344,0.7529100007143439
id_randomized_heldout,A4_train_seed_2,40054,250,0.10044193765154305,0.1,4.949616682676576,9.519904233188138,6.6765549257640275,0.6712182381789471
id_randomized_heldout,A4_train_seed_2,40055,250,0.1,0.1,7.307948893534304,10.882670704497148,7.015404362398372,0.7015404362398372
id_randomized_heldout,A4_train_seed_2,40056,250,0.10000759417833809,0.1,4.696733638408246,4.890307459182717,3.304962204243295,0.33057880490999014
id_randomized_heldout,A4_train_seed_2,40057,250,0.10000243086313094,0.1,3.747358196695188,16.30832030778327,7.651282706727009,0.7651322926868479
id_randomized_heldout,A4_train_seed_2,40058,250,0.1001274065675843,0.1,4.713201753934621,7.739480758138295,6.192870940101418,0.6202754302612729
id_randomized_heldout,A4_train_seed_2,40059,250,0.10063441504292117,0.1,4.843879033528453,5.92433778978518,9.269926807424381,0.9340955629358164
id_randomized_heldout,A4_train_seed_2,40060,250,0.10028859972300179,0.1,3.5325418567292783,8.114802031555929,4.488106408040989,0.451167968072337
id_randomized_heldout,A4_train_seed_2,40061,250,0.10006552303838265,0.1,3.006103981025874,14.36924168678482,8.561896829565034,0.8565373315655596
id_randomized_heldout,A4_train_seed_2,40062,250,0.1,0.1,9.11302285275551,14.16103193503994,6.878845244329449,0.687884524432945
id_randomized_heldout,A4_train_seed_2,40063,250,0.1005875389255504,0.1,2.6633760061992877,4.184901208820255,11.099007786355232,1.1145005535052865
id_randomized_heldout,A4_train_seed_2,40064,43,0.10001366190789156,0.1,5.1459945233403745,6.499077554533701,5.373783599464036,0.5374321281923712
id_randomized_heldout,A4_train_seed_2,40065,250,0.1,0.1,9.979177580768226,24.209522625570525,8.635032455916225,0.8635032455916225
id_randomized_heldout,A4_train_seed_2,40066,250,0.1,0.1,7.222561740921917,15.310579828962146,7.819691418361169,0.781969141836117
id_randomized_heldout,A4_train_seed_2,40067,250,0.1,0.1,6.944490154271882,7.479979117302425,8.212028404328702,0.8212028404328703
id_randomized_heldout,A4_train_seed_2,40068,250,0.10072210177451003,0.1,5.325341064936066,10.512472827010448,7.982524059920252,0.8029754678605177
id_randomized_heldout,A4_train_seed_2,40069,250,0.1,0.1,4.635830568937292,13.423742485107377,6.94019115470583,0.694019115470583
id_randomized_heldout,A4_train_seed_2,40070,250,0.10023104908949927,0.1,4.453866685933399,6.312738603529009,7.835663541188742,0.7859973237103949
id_randomized_heldout,A4_train_seed_2,40071,250,0.1,0.1,4.844979991581024,8.832013595529304,7.683655032028963,0.7683655032028964
id_randomized_heldout,A4_train_seed_2,40072,250,0.10024190016339747,0.1,5.65533940942524,6.884609214229714,7.967179984231453,0.7986357878510537
id_randomized_heldout,A4_train_seed_2,40073,250,0.1,0.1,8.738463348520563,14.596162457506228,9.819667256307213,0.9819667256307216
id_randomized_heldout,A4_train_seed_2,40074,250,0.1,0.1,8.59605657145038,9.672427387004976,9.756546003345466,0.9756546003345465
id_randomized_heldout,A4_train_seed_2,40075,250,0.1,0.1,8.398530789457494,11.854174593322904,10.066625404281089,1.0066625404281089
id_randomized_heldout,A4_train_seed_2,40076,250,0.1,0.1,7.22655324026917,8.599169188194411,7.367658493267232,0.7367658493267234
id_randomized_heldout,A4_train_seed_2,40077,250,0.10019845256795562,0.1,3.5566710088073017,7.415405226969541,7.6952296239032565,0.7713893384096838
id_randomized_heldout,A4_train_seed_2,40078,65,0.09999999999999999,0.1,7.6562015995810295,14.501121305736035,4.48472409413716,0.4484724094137161
id_randomized_heldout,A4_train_seed_2,40079,250,0.1,0.1,8.710971156557557,10.022082860100546,9.433766777205463,0.9433766777205465
id_randomized_heldout,A4_train_seed_2,40080,47,0.09999999999999995,0.1,8.157878373384461,10.537086112979642,6.853770401234441,0.6853770401234442
id_randomized_heldout,A4_train_seed_2,40081,250,0.1,0.1,9.301364548696087,24.195695446013488,6.446246446832859,0.6446246446832858
id_randomized_heldout,A4_train_seed_2,40082,250,0.1000740406441368,0.1,4.924108454518782,14.902139231470034,7.335461890212745,0.7340667707002233
id_randomized_heldout,A4_train_seed_2,40083,250,0.1,0.1,9.711287736023595,14.576483016492462,8.905106419040928,0.8905106419040928
id_randomized_heldout,A4_train_seed_2,40084,250,0.1,0.1,10.265251922854347,16.389502896025157,8.961535546759782,0.8961535546759782
id_randomized_heldout,A4_train_seed_2,40085,250,0.1,0.1,9.801880947821115,13.16461274536294,8.84287823869666,0.884287823869666
id_randomized_heldout,A4_train_seed_2,40086,250,0.1,0.1,3.7464062867299917,4.603258678455966,7.199326943147227,0.7199326943147227
id_randomized_heldout,A4_train_seed_2,40087,250,0.1,0.1,9.166117487319726,16.1639441057301,8.561137242518738,0.8561137242518738
id_randomized_heldout,A4_train_seed_2,40088,46,0.10184287717439468,0.1,4.974269817115403,7.246716219811002,8.371622888456105,0.8546596733608582
id_randomized_heldout,A4_train_seed_2,40089,250,0.1,0.1,8.557884931459801,12.142192647384796,9.788726033098067,0.9788726033098065
id_randomized_heldout,A4_train_seed_2,40090,71,0.09999999999999996,0.1,6.701525179207559,8.607006551579092,4.272104972784051,0.42721049727840504
id_randomized_heldout,A4_train_seed_2,40091,250,0.1,0.1,10.012924676935897,14.184712180857941,6.653796623803635,0.6653796623803636
id_randomized_heldout,A4_train_seed_2,40092,250,0.10000297157828891,0.1,3.9735117833534983,4.4528542403467775,4.402288933310129,0.4402540978138619
id_randomized_heldout,A4_train_seed_2,40093,250,0.10012638078043821,0.1,5.498322035808076,10.538792888591336,7.949470360380474,0.795938806683872
id_randomized_heldout,A4_train_seed_2,40094,250,0.1,0.1,7.065188354458856,8.844599872445299,8.271222382203142,0.827122238220314
id_randomized_heldout,A4_train_seed_2,40095,250,0.1,0.1,4.689957108596001,12.201005473467259,8.233408959517877,0.8233408959517878
id_randomized_heldout,A4_train_seed_2,40096,250,0.10025363900299743,0.1,5.664753958837829,10.591774151867842,9.702114660216349,0.9715618601487618
id_randomized_heldout,A4_train_seed_2,40097,59,0.09999999999999998,0.1,12.946764837616103,19.065565733818122,6.531863400474443,0.6531863400474444
id_randomized_heldout,A4_train_seed_2,40098,73,0.09999999999999999,0.1,5.0686291411832896,13.128475329829186,6.3410928054963325,0.6341092805496334
id_randomized_heldout,A4_train_seed_2,40099,250,0.1,0.1,9.338353820832975,20.99796553520904,9.199559418975031,0.9199559418975033
id_randomized_heldout,A4_train_seed_3,40000,250,0.12179776935253732,0.1,2.772723132580492,13.422785107733104,7.978929293158012,0.9747126916632323
id_randomized_heldout,A4_train_seed_3,40001,250,0.1,0.1,7.963471506622935,18.18457956066276,9.711672351442758,0.9711672351442757
id_randomized_heldout,A4_train_seed_3,40002,250,0.10008999895881501,0.1,4.535214718828253,12.165146587212162,9.601138915414143,0.9609431960862029
id_randomized_heldout,A4_train_seed_3,40003,250,0.10061973970504978,0.1,6.345834542530922,14.317404509423096,8.536076037440349,0.8567197511897233
id_randomized_heldout,A4_train_seed_3,40004,250,0.1,0.1,6.667886181620288,18.235709668452888,6.775088713760631,0.6775088713760632
id_randomized_heldout,A4_train_seed_3,40005,250,0.1,0.1,7.229464945327222,20.479351001669905,6.338388970823144,0.6338388970823144
id_randomized_heldout,A4_train_seed_3,40006,250,0.1,0.1,6.8845590464442505,14.076614231100736,6.783873784663084,0.6783873784663084
id_randomized_heldout,A4_train_seed_3,40007,250,0.1,0.1,8.19284136373577,21.138367692909966,10.079954872235104,1.0079954872235104
id_randomized_heldout,A4_train_seed_3,40008,81,0.10075478126523488,0.1,3.970986601753722,6.368921258372195,7.638967769328147,0.7705779483626003
id_randomized_heldout,A4_train_seed_3,40009,250,0.1,0.1,4.0552176715704356,8.758466638358936,7.517665514781094,0.7517665514781094
id_randomized_heldout,A4_train_seed_3,40010,250,0.10659130456323328,0.1,2.3891933940035495,8.363680752285694,6.805833228450782,0.714918296209724
id_randomized_heldout,A4_train_seed_3,40011,37,0.10000000000000002,0.1,5.990288050956639,10.714958902407352,8.410955759627663,0.8410955759627663
id_randomized_heldout,A4_train_seed_3,40012,250,0.1,0.1,7.493394734931752,17.049074079773696,7.007679513425664,0.7007679513425665
id_randomized_heldout,A4_train_seed_3,40013,250,0.10075231371226656,0.1,3.8554078047749796,13.932903652979673,7.887718755977923,0.7951653831585267
id_randomized_heldout,A4_train_seed_3,40014,250,0.10021401003071777,0.1,3.286160660760276,5.842447921520343,7.88667312585878,0.791017571682049
id_randomized_heldout,A4_train_seed_3,40015,250,0.1,0.1,9.71952069284566,14.395022338161771,8.545972580599356,0.8545972580599357
id_randomized_heldout,A4_train_seed_3,40016,72,0.1126758758795603,0.1,2.520556122382965,4.609670359205215,7.97851612641823,0.9037977943230072
id_randomized_heldout,A4_train_seed_3,40017,250,0.1,0.1,4.192214123671843,20.71210942124614,6.223495026322751,0.6223495026322751
id_randomized_heldout,A4_train_seed_3,40018,250,0.1000524508568426,0.1,8.468931587618204,24.413202315390787,10.26980083416277,1.0274317493353826
id_randomized_heldout,A4_train_seed_3,40019,37,0.10000000000000002,0.1,4.138846844991333,6.768397896466013,7.324636363191454,0.7324636363191452
id_randomized_heldout,A4_train_seed_3,40020,250,0.14932113433179564,0.1,1.8471080794483719,12.952641410444576,8.077495763352928,1.2155905333232289
id_randomized_heldout,A4_train_seed_3,40021,250,0.13165552557652,0.1,2.1143587514995574,5.430068617780263,6.820436237064863,0.91872581993822
id_randomized_heldout,A4_train_seed_3,40022,250,0.1,0.1,8.916758143461175,19.105951499325972,8.615935572532688,0.8615935572532687
id_randomized_heldout,A4_train_seed_3,40023,250,0.10003775561943226,0.1,9.344782885573593,22.946867492514468,10.605027962632807,1.0608153964112594
id_randomized_heldout,A4_train_seed_3,40024,250,0.1,0.1,3.7534428673972386,5.793581843502236,6.3918199692482975,0.6391819969248299
id_randomized_heldout,A4_train_seed_3,40025,250,0.10057165692286774,0.1,3.6591203830934704,14.39474596000865,7.940202802891117,0.7989321260160498
id_randomized_heldout,A4_train_seed_3,40026,250,0.1,0.1,3.3455528764630387,5.576758284497276,3.1435364840900473,0.31435364840900476
id_randomized_heldout,A4_train_seed_3,40027,250,0.1,0.1,7.261628176540219,22.746167799818473,7.33384570331348,0.733384570331348
id_randomized_heldout,A4_train_seed_3,40028,250,0.1768911651325238,0.1,1.474434130382695,6.7583463387707505,6.563861711450507,1.1561726860694639
id_randomized_heldout,A4_train_seed_3,40029,63,0.09999999999999995,0.1,11.633109882629991,28.219113528035134,7.920450346811804,0.7920450346811806
id_randomized_heldout,A4_train_seed_3,40030,250,0.1,0.1,4.82317771802823,12.65449248128993,6.847252729038031,0.6847252729038033
id_randomized_heldout,A4_train_seed_3,40031,250,0.10004886030376918,0.1,3.4008118982784072,10.7580397264996,8.924668017362254,0.8928191865193311
id_randomized_heldout,A4_train_seed_3,40032,250,0.13773672295590106,0.1,1.9715529375652403,6.244794463222899,8.272738689427621,1.1617293913142157
id_randomized_heldout,A4_train_seed_3,40033,250,0.1,0.1,3.5244584859268264,7.5669642154517565,5.362115284004369,0.536211528400437
id_randomized_heldout,A4_train_seed_3,40034,250,0.1,0.1,4.029526838940291,8.055032844144767,7.353931088439667,0.7353931088439667
id_randomized_heldout,A4_train_seed_3,40035,250,0.1,0.1,3.4581103698617097,5.747119227654144,6.6485641411434,0.6648564141143402
id_randomized_heldout,A4_train_seed_3,40036,250,0.1,0.1,9.408781957574966,15.808161519136087,8.805698857696228,0.8805698857696229
id_randomized_heldout,A4_train_seed_3,40037,61,0.10093004023475666,0.1,6.063893575700563,24.655604451239633,5.55035231312543,0.5591003433187499
id_randomized_heldout,A4_train_seed_3,40038,250,0.10061564014566625,0.1,3.92202087702532,8.548063949792736,5.798985862896809,0.5832578433731322
id_randomized_heldout,A4_train_seed_3,40039,250,0.10887280916848263,0.1,2.8195927002859182,8.20918373855597,8.349383315835658,0.9147408709693337
id_randomized_heldout,A4_train_seed_3,40040,65,0.09999999999999999,0.1,3.2012930020301105,4.745809719375157,6.694831802607511,0.6694831802607512
id_randomized_heldout,A4_train_seed_3,40041,250,0.1,0.1,11.347359546110626,16.206687904744072,8.431455637207053,0.8431455637207051
id_randomized_heldout,A4_train_seed_3,40042,250,0.1,0.1,8.085842025933882,11.260323962878973,8.178108740675144,0.8178108740675145
id_randomized_heldout,A4_train_seed_3,40043,250,0.10106035315722726,0.1,3.174602971978823,10.96760625851199,8.311452184933492,0.8382343315777468
id_randomized_heldout,A4_train_seed_3,40044,250,0.1,0.1,5.072154779264447,9.911114587745276,4.080633020474264,0.4080633020474264
id_randomized_heldout,A4_train_seed_3,40045,250,0.10037898402983567,0.1,5.889324579205354,11.95856469778676,6.014344530558416,0.602710120203295
id_randomized_heldout,A4_train_seed_3,40046,250,0.10210839926504864,0.1,3.557419483417055,12.059466767859009,8.932513222513004,0.9141466932743685
id_randomized_heldout,A4_train_seed_3,40047,250,0.10034804443887549,0.1,6.83468854327791,13.54794930840964,7.9750223110870655,0.8002179563405541
id_randomized_heldout,A4_train_seed_3,40048,33,0.1,0.1,5.012855745828045,10.77615965066309,6.564238849687068,0.6564238849687068
id_randomized_heldout,A4_train_seed_3,40049,250,0.1,0.1,8.814659302676468,13.333877880684813,8.274761012231348,0.8274761012231349
id_randomized_heldout,A4_train_seed_3,40050,250,0.17713572289716373,0.1,1.4613901171820354,5.252450893921164,5.835651130884272,1.0137976805666924
id_randomized_heldout,A4_train_seed_3,40051,250,0.1493931753974083,0.1,1.7762408312091764,7.818839379196982,4.858181216022836,0.7285147292541682
id_randomized_heldout,A4_train_seed_3,40052,250,0.10001460680072742,0.1,7.213496154978553,25.09773759138994,8.823181561091685,0.8824347781790753
id_randomized_heldout,A4_train_seed_3,40053,59,0.09999999999999998,0.1,3.3813770525880953,6.923713618629217,7.9454946704936535,0.7945494670493655
id_randomized_heldout,A4_train_seed_3,40054,250,0.1,0.1,4.512064752567414,12.328384085758167,7.237505942002596,0.7237505942002596
id_randomized_heldout,A4_train_seed_3,40055,250,0.1,0.1,6.7950345228424345,11.407310311392312,8.978513215469029,0.8978513215469028
id_randomized_heldout,A4_train_seed_3,40056,250,0.10072361026224044,0.1,3.9332409605461462,4.67508441934084,4.167898785409458,0.4246070845456412
id_randomized_heldout,A4_train_seed_3,40057,250,0.1000146552838398,0.1,3.7413636612812327,12.906606992347134,8.214518924379458,0.821568913376283
id_randomized_heldout,A4_train_seed_3,40058,250,0.10190796790291444,0.1,2.840530551074965,5.649293291085618,7.696295950090507,0.7846582792732185
id_randomized_heldout,A4_train_seed_3,40059,250,0.10707792984327986,0.1,2.4474016762261686,5.419130108104635,8.859359754609414,0.9462223942750814
id_randomized_heldout,A4_train_seed_3,40060,67,0.10237776011817701,0.1,3.2517857362637947,5.001556381015117,9.36227738206164,0.9555406369440687
id_randomized_heldout,A4_train_seed_3,40061,250,0.17674752717917988,0.1,1.7144236173605114,12.036874603268819,4.757983995521548,0.8020136978508386
id_randomized_heldout,A4_train_seed_3,40062,250,0.10001083517457436,0.1,6.604558923943538,18.689767590167012,9.2536696569216,0.9254537730178795
id_randomized_heldout,A4_train_seed_3,40063,250,0.1,0.1,3.3022994096725613,7.180839268967952,8.12894195454694,0.812894195454694
id_randomized_heldout,A4_train_seed_3,40064,250,0.1,0.1,3.1034666701195937,4.614633854881928,3.585971939821119,0.35859719398211193
id_randomized_heldout,A4_train_seed_3,40065,250,0.1,0.1,9.22145285656417,23.01229870099869,8.575003192585827,0.8575003192585828
id_randomized_heldout,A4_train_seed_3,40066,250,0.1,0.1,6.316940326238777,18.79725015258362,9.745418488296105,0.9745418488296107
id_randomized_heldout,A4_train_seed_3,40067,250,0.10014437554500805,0.1,3.8637380789516222,6.421624578945993,6.828138016321057,0.6844202843667893
id_randomized_heldout,A4_train_seed_3,40068,250,0.10027063899086483,0.1,3.1718697714765844,5.776386770966778,7.201261083301407,0.7223129422125706
id_randomized_heldout,A4_train_seed_3,40069,250,0.10019469358202514,0.1,4.425883404407847,11.504687470921956,8.113747300491625,0.8127684529733411
id_randomized_heldout,A4_train_seed_3,40070,250,0.10029567523400937,0.1,4.437325994091131,6.184251397566825,8.444715511789408,0.8477108869143422
id_randomized_heldout,A4_train_seed_3,40071,250,0.124736386964229,0.1,2.4407519999088683,7.762890415664043,7.756038652997951,0.9809038823203777
id_randomized_heldout,A4_train_seed_3,40072,250,0.10002258265829067,0.1,3.818403628724676,6.551800682226949,9.436187792847832,0.9438609062316217
id_randomized_heldout,A4_train_seed_3,40073,250,0.10000427179781511,0.1,7.82192150180516,18.08334789498968,8.517499564185439,0.8517843599317516
id_randomized_heldout,A4_train_seed_3,40074,250,0.1,0.1,6.653072248591749,13.93853252032748,8.712191251159801,0.8712191251159803
id_randomized_heldout,A4_train_seed_3,40075,250,0.1,0.1,8.353172367695425,9.194133705109126,10.840096511322892,1.0840096511322892
id_randomized_heldout,A4_train_seed_3,40076,250,0.1,0.1,4.423326661180634,9.155373655673088,7.361192408382401,0.7361192408382401
id_randomized_heldout,A4_train_seed_3,40077,250,0.1567038366724891,0.1,1.6492586833240352,6.521012814152517,6.972613271403585,1.08100390816451
id_randomized_heldout,A4_train_seed_3,40078,67,0.09999999999999998,0.1,6.312029764417487,11.70727383675153,2.3344766874800866,0.23344766874800868
id_randomized_heldout,A4_train_seed_3,40079,250,0.1,0.1,8.153107060369901,12.098290323679679,8.580049685739185,0.8580049685739186
id_randomized_heldout,A4_train_seed_3,40080,46,0.09999999999999995,0.1,6.197849272321568,13.16623413668708,7.134922473916292,0.7134922473916293
id_randomized_heldout,A4_train_seed_3,40081,250,0.1,0.1,7.51045322190054,21.948087521975907,5.876371381451686,0.5876371381451687
id_randomized_heldout,A4_train_seed_3,40082,250,0.10039118869951201,0.1,5.926849358155545,14.311873623883825,5.377729984283636,0.5387570516813077
id_randomized_heldout,A4_train_seed_3,40083,250,0.1,0.1,7.352460893572516,22.515501664782292,9.35353305292203,0.935353305292203
id_randomized_heldout,A4_train_seed_3,40084,250,0.1,0.1,9.183727850063152,15.202415054292201,9.021776483561949,0.9021776483561951
id_randomized_heldout,A4_train_seed_3,40085,250,0.10021432347147669,0.1,5.988722981758215,9.233438486022935,8.897651416872145,0.8912288088823715
id_randomized_heldout,A4_train_seed_3,40086,250,0.10062433650184639,0.1,3.6652187366695768,4.837941594868613,7.6046961450182975,0.7671967348402386
id_randomized_heldout,A4_train_seed_3,40087,250,0.1,0.1,9.086600557023129,19.358041409822373,9.503432150170859,0.9503432150170859
id_randomized_heldout,A4_train_seed_3,40088,44,0.1001682305364278,0.1,3.8124895149689904,5.486334655058532,8.187505950417663,0.8205998547657313
id_randomized_heldout,A4_train_seed_3,40089,250,0.1,0.1,7.44450784405913,14.999769862287467,8.17478715919547,0.8174787159195471
id_randomized_heldout,A4_train_seed_3,40090,64,0.09999999999999999,0.1,6.0701017838806415,12.309034485098138,4.216243216698294,0.42162432166982944
id_randomized_heldout,A4_train_seed_3,40091,250,0.1,0.1,7.005976972957043,11.031034410170722,5.0885863658917865,0.5088586365891786
id_randomized_heldout,A4_train_seed_3,40092,250,0.1,0.1,4.607044019748735,4.791123494918976,8.057000330663977,0.8057000330663977
id_randomized_heldout,A4_train_seed_3,40093,250,0.10086971771500262,0.1,3.392237365858696,10.64652849523811,8.408519472574634,0.8438232824335696
id_randomized_heldout,A4_train_seed_3,40094,250,0.1014680080550634,0.1,3.8187990029702936,9.391111917178995,8.328432899125888,0.8468574321040119
id_randomized_heldout,A4_train_seed_3,40095,250,0.12454919881220744,0.1,2.3654524183226346,12.089219849271975,6.218206986001694,0.7769946422135502
id_randomized_heldout,A4_train_seed_3,40096,250,0.10038873693853168,0.1,3.0443195732377517,7.73895988952746,8.523956987148448,0.8563585254227689
id_randomized_heldout,A4_train_seed_3,40097,57,0.09999999999999999,0.1,9.382242672428697,22.509652193309822,5.231484737450447,0.5231484737450446
id_randomized_heldout,A4_train_seed_3,40098,71,0.10010679856454109,0.1,5.101427445891068,13.796348141942417,6.283189777248991,0.6291683462156838
id_randomized_heldout,A4_train_seed_3,40099,250,0.1,0.1,7.526145080223063,22.976058437860065,6.001669269176025,0.6001669269176025
id_randomized_heldout,A4_train_seed_4,40000,250,0.11645236611323222,0.1,2.8046378638608993,10.033131952255223,9.732189526506911,1.1378231329660833
id_randomized_heldout,A4_train_seed_4,40001,250,0.1,0.1,8.924629922851047,13.875874682622763,9.449524153982162,0.9449524153982163
id_randomized_heldout,A4_train_seed_4,40002,250,0.10029556368490411,0.1,4.990951488854935,22.182313286297234,9.839831743151214,0.9872524196557068
id_randomized_heldout,A4_train_seed_4,40003,250,0.10020839435065321,0.1,5.685465692817909,13.996105760788932,9.698265029352767,0.9714787493408942
id_randomized_heldout,A4_train_seed_4,40004,250,0.1,0.1,6.247997307132269,15.25115207096133,10.11634794707023,1.011634794707023
id_randomized_heldout,A4_train_seed_4,40005,250,0.1,0.1,9.17966348177061,17.547708888978335,8.279085710838318,0.8279085710838321
id_randomized_heldout,A4_train_seed_4,40006,250,0.1,0.1,6.049744507591932,12.613662914774407,10.285605802737624,1.0285605802737623
id_randomized_heldout,A4_train_seed_4,40007,250,0.1,0.1,8.917113153147431,15.708914529273864,10.758853717630704,1.0758853717630705
id_randomized_heldout,A4_train_seed_4,40008,80,0.09999999999999999,0.1,7.188266472686976,8.492456082941779,8.987626375129087,0.898762637512909
id_randomized_heldout,A4_train_seed_4,40009,250,0.1,0.1,7.810309992363666,8.394407279802468,8.772112082868302,0.87721120828683
id_randomized_heldout,A4_train_seed_4,40010,250,0.1001949750427267,0.1,6.444565367874499,7.6183955515868265,9.292043950026805,0.9311704570487539
id_randomized_heldout,A4_train_seed_4,40011,250,0.1,0.1,7.470319717103743,8.92085494631791,2.661157576351526,0.2661157576351526
id_randomized_heldout,A4_train_seed_4,40012,250,0.1,0.1,7.642202146822185,15.726114149653919,9.632973028269825,0.9632973028269827
id_randomized_heldout,A4_train_seed_4,40013,250,0.10195939844203276,0.1,3.0038490899203074,11.49095831463977,10.7575813837799,1.0972766976002948
id_randomized_heldout,A4_train_seed_4,40014,250,0.1,0.1,6.5011025139109435,8.37358733013965,4.15139031541097,0.4151390315410971
id_randomized_heldout,A4_train_seed_4,40015,250,0.1,0.1,10.459418616101098,12.908748210233467,11.066652421319468,1.1066652421319467
id_randomized_heldout,A4_train_seed_4,40016,72,0.09999999999999999,0.1,5.5954696630433745,7.551636804919189,6.623547687444078,0.6623547687444078
id_randomized_heldout,A4_train_seed_4,40017,250,0.1,0.1,5.956474313408689,13.162225417607,6.34932404244245,0.6349324042442449
id_randomized_heldout,A4_train_seed_4,40018,250,0.1,0.1,8.43929423755967,16.317315109142704,10.967629443397456,1.0967629443397457
id_randomized_heldout,A4_train_seed_4,40019,250,0.10000680349913804,0.1,5.704823985716378,6.246403990240727,7.632573438802909,0.7633310297611644
id_randomized_heldout,A4_train_seed_4,40020,250,0.10039875011067033,0.1,4.242384759136263,8.85657966990564,9.84774187622349,0.9884762499947378
id_randomized_heldout,A4_train_seed_4,40021,250,0.10067869079500139,0.1,4.268712757075284,5.858754074958995,6.393966318569297,0.6437206448301068
id_randomized_heldout,A4_train_seed_4,40022,250,0.1,0.1,11.076063263397238,15.925059868811909,9.91166022588346,0.9911660225883461
id_randomized_heldout,A4_train_seed_4,40023,250,0.1,0.1,7.625144210802848,16.79999581005469,9.291045675323623,0.9291045675323625
id_randomized_heldout,A4_train_seed_4,40024,250,0.10014883071457263,0.1,5.128676981793682,6.376979543428502,8.334905593164619,0.8345683526251869
id_randomized_heldout,A4_train_seed_4,40025,250,0.11219324637699878,0.1,2.7759762709618845,8.824068219260031,10.680663034612225,1.2029164383920654
id_randomized_heldout,A4_train_seed_4,40026,250,0.1,0.1,6.043713163119583,8.27100064173169,8.094585762410803,0.8094585762410804
id_randomized_heldout,A4_train_seed_4,40027,250,0.1,0.1,6.8470799040658665,17.70073908145046,10.336164832293633,1.0336164832293635
id_randomized_heldout,A4_train_seed_4,40028,250,0.10018946504016503,0.1,5.743868995435291,6.802305852077634,8.48641657596673,0.8503052373982982
id_randomized_heldout,A4_train_seed_4,40029,65,0.09999999999999999,0.1,9.555630573804633,20.071679718811875,8.724771131001765,0.8724771131001766
id_randomized_heldout,A4_train_seed_4,40030,250,0.1,0.1,5.241594681857527,23.341533940798506,5.261516430447778,0.5261516430447779
id_randomized_heldout,A4_train_seed_4,40031,250,0.10332070934795184,0.1,2.932610283079289,10.880550677124187,7.603886816834048,0.7921169731217185
id_randomized_heldout,A4_train_seed_4,40032,250,0.10171257275164428,0.1,2.6890201349885148,5.141066044501795,8.654296263296462,0.87860233512234
id_randomized_heldout,A4_train_seed_4,40033,250,0.1,0.1,7.055035862739321,8.890366308603035,7.19543178111644,0.7195431781116441
id_randomized_heldout,A4_train_seed_4,40034,250,0.1,0.1,8.057563061600863,8.663143715889094,9.059815094814759,0.905981509481476
id_randomized_heldout,A4_train_seed_4,40035,250,0.10039817626933609,0.1,5.15446103899015,6.575027998738858,7.963878520300742,0.7992651527076539
id_randomized_heldout,A4_train_seed_4,40036,250,0.1,0.1,9.39079120768629,15.388033048258173,9.125951660478128,0.9125951660478128
id_randomized_heldout,A4_train_seed_4,40037,60,0.09999999999999996,0.1,4.790615773481529,10.063601484962927,7.301008272308733,0.7301008272308732
id_randomized_heldout,A4_train_seed_4,40038,250,0.10078953343122979,0.1,5.261498091824732,7.197833855342229,9.071327279461391,0.9125072066763291
id_randomized_heldout,A4_train_seed_4,40039,250,0.12189832233095858,0.1,2.4614184043633105,9.308428945470322,10.566571079261495,1.3023049741502106
id_randomized_heldout,A4_train_seed_4,40040,39,0.10000000000000002,0.1,4.625784255576971,5.984307141212014,7.680677486565598,0.76806774865656
id_randomized_heldout,A4_train_seed_4,40041,250,0.1,0.1,6.880158777715188,19.208073141703323,6.484612120488764,0.6484612120488764
id_randomized_heldout,A4_train_seed_4,40042,250,0.1,0.1,9.971191932727558,11.060603855963057,10.300576960150265,1.0300576960150267
id_randomized_heldout,A4_train_seed_4,40043,250,0.1727555660917691,0.1,1.9235256267329102,10.468628838712334,9.085614830723058,1.5779033497309238
id_randomized_heldout,A4_train_seed_4,40044,250,0.1,0.1,4.3875810985672885,10.384203479307974,6.591139184440541,0.6591139184440541
id_randomized_heldout,A4_train_seed_4,40045,250,0.10000619570905016,0.1,5.92451671267826,13.625709050954454,6.4727244115213685,0.6473216835555204
id_randomized_heldout,A4_train_seed_4,40046,250,0.10019028643716493,0.1,5.580806009012215,14.562175309891407,9.010837143810162,0.902670617335572
id_randomized_heldout,A4_train_seed_4,40047,250,0.10005275592375006,0.1,6.539974527512177,12.909761726946149,8.825474242639924,0.8829128918810575
id_randomized_heldout,A4_train_seed_4,40048,36,0.10000000000000002,0.1,6.0917243813586595,7.847650381640886,8.044233542409968,0.8044233542409969
id_randomized_heldout,A4_train_seed_4,40049,250,0.1,0.1,10.194732112993536,11.885319572687877,10.847890903867047,1.0847890903867048
id_randomized_heldout,A4_train_seed_4,40050,250,0.10002267849779861,0.1,5.836228406945274,6.659720248736658,8.25749529401771,0.825989579150852
id_randomized_heldout,A4_train_seed_4,40051,250,0.10013715329752383,0.1,6.335370291800823,8.257246784615022,8.758450898631487,0.877128579585082
id_randomized_heldout,A4_train_seed_4,40052,250,0.1,0.1,9.324162047363501,18.341934422166887,9.21052385440266,0.9210523854402661
id_randomized_heldout,A4_train_seed_4,40053,61,0.09999999999999996,0.1,5.315385487443354,7.6060447839983665,6.6350536046654,0.6635053604665397
id_randomized_heldout,A4_train_seed_4,40054,250,0.1004677182534763,0.1,4.233004303416165,20.08586522167371,7.538151450460751,0.7575451886902768
id_randomized_heldout,A4_train_seed_4,40055,250,0.1,0.1,7.537417185740589,11.501581172533356,7.7173078759767595,0.7717307875976759
id_randomized_heldout,A4_train_seed_4,40056,47,0.09999999999999995,0.1,4.063454594514348,5.266983265435944,8.699538670927184,0.8699538670927187
id_randomized_heldout,A4_train_seed_4,40057,250,0.1,0.1,5.71613551059112,13.796623298854184,9.459878419248845,0.9459878419248847
id_randomized_heldout,A4_train_seed_4,40058,250,0.10046014806023018,0.1,3.7343613068941157,6.885322271816418,9.257435053435737,0.9299938448603536
id_randomized_heldout,A4_train_seed_4,40059,250,0.1,0.1,4.659371171945218,6.013201706640397,8.286988937892255,0.8286988937892259
id_randomized_heldout,A4_train_seed_4,40060,86,0.10251754978713565,0.1,4.519517212848363,5.1229412569439905,6.434634833566779,0.6658933152883468
id_randomized_heldout,A4_train_seed_4,40061,250,0.10006424869595497,0.1,5.426182175370727,12.622366350520295,8.075378589303027,0.8080409228732783
id_randomized_heldout,A4_train_seed_4,40062,250,0.1,0.1,9.879048719262322,15.00905707686861,9.463087623530406,0.9463087623530407
id_randomized_heldout,A4_train_seed_4,40063,250,0.10003755654625712,0.1,6.08585726831073,8.917412399203364,6.920037889508416,0.6923086531819054
id_randomized_heldout,A4_train_seed_4,40064,41,0.09999999999999999,0.1,4.868801817880152,6.228674959974947,5.966436247009805,0.5966436247009805
id_randomized_heldout,A4_train_seed_4,40065,250,0.1,0.1,8.969440072202024,19.09862739470197,6.162534569374666,0.6162534569374666
id_randomized_heldout,A4_train_seed_4,40066,250,0.1,0.1,7.164567692312927,14.963659366876453,5.510326236419013,0.5510326236419014
id_randomized_heldout,A4_train_seed_4,40067,250,0.1,0.1,7.193499559603376,8.427459129444541,6.791794907692968,0.6791794907692968
id_randomized_heldout,A4_train_seed_4,40068,250,0.10032597231470493,0.1,5.071254577769609,5.767743014469624,7.739897452835958,0.7759558073731965
id_randomized_heldout,A4_train_seed_4,40069,250,0.1,0.1,4.175780133008595,23.27724705846796,10.172911977047061,1.017291197704706
id_randomized_heldout,A4_train_seed_4,40070,250,0.1,0.1,4.938920458888417,6.156807687072802,7.946220661199834,0.7946220661199834
id_randomized_heldout,A4_train_seed_4,40071,250,0.10292118620082379,0.1,3.055354599039756,7.4916764814608845,10.190999944456413,1.0503699238506916
id_randomized_heldout,A4_train_seed_4,40072,250,0.1,0.1,5.3309594492425125,5.677235043827051,6.978082625741785,0.6978082625741785
id_randomized_heldout,A4_train_seed_4,40073,250,0.1,0.1,9.61277367166577,13.508638854571808,10.375433195991679,1.0375433195991681
id_randomized_heldout,A4_train_seed_4,40074,250,0.1,0.1,9.937925121053611,10.966809806802955,9.707278255841324,0.9707278255841324
id_randomized_heldout,A4_train_seed_4,40075,250,0.1,0.1,7.627716314716553,12.748344237500246,8.125153083371368,0.8125153083371368
id_randomized_heldout,A4_train_seed_4,40076,250,0.1,0.1,7.955321329244396,9.488822978400346,5.9999961399416355,0.5999996139941636
id_randomized_heldout,A4_train_seed_4,40077,250,0.10020734797736372,0.1,5.896062158217251,7.574660109943086,8.322329393422894,0.8345311294015947
id_randomized_heldout,A4_train_seed_4,40078,66,0.09999999999999998,0.1,6.14559708206767,19.721145600127,6.383889681024553,0.6383889681024555
id_randomized_heldout,A4_train_seed_4,40079,250,0.1,0.1,9.745542512191006,11.034240618844782,10.506436044933315,1.0506436044933314
id_randomized_heldout,A4_train_seed_4,40080,46,0.09999999999999995,0.1,8.409175292542031,10.500254055085401,7.618818145897854,0.7618818145897854
id_randomized_heldout,A4_train_seed_4,40081,250,0.1,0.1,9.006826418735725,19.397621845070788,7.280083326752366,0.7280083326752367
id_randomized_heldout,A4_train_seed_4,40082,250,0.10060426549987316,0.1,3.960799835206519,13.37197467468474,7.4663336539199605,0.7510613615107027
id_randomized_heldout,A4_train_seed_4,40083,250,0.1,0.1,10.316191993187006,15.787520374973004,8.761658116145803,0.8761658116145804
id_randomized_heldout,A4_train_seed_4,40084,250,0.1,0.1,8.634525653568359,14.850802933843658,10.606177976308489,1.0606177976308488
id_randomized_heldout,A4_train_seed_4,40085,250,0.10042959455141141,0.1,4.8507974893433765,12.497675154621136,8.696482490635564,0.8714623482327201
id_randomized_heldout,A4_train_seed_4,40086,250,0.1,0.1,4.984123627706979,6.025110228139529,4.2723947289306565,0.42723947289306574
id_randomized_heldout,A4_train_seed_4,40087,250,0.1,0.1,8.232340656632848,16.53198634554811,10.128492901605554,1.0128492901605552
id_randomized_heldout,A4_train_seed_4,40088,45,0.10314191598405663,0.1,4.98322868425664,6.687829995555924,8.233166617637211,0.8528091385170926
id_randomized_heldout,A4_train_seed_4,40089,250,0.1,0.1,9.516538295063018,11.978143847498247,10.065765514104061,1.0065765514104061
id_randomized_heldout,A4_train_seed_4,40090,66,0.09999999999999998,0.1,5.552570622250604,21.516951480293216,5.623404873980515,0.5623404873980516
id_randomized_heldout,A4_train_seed_4,40091,250,0.1,0.1,6.618648474537175,13.889073023959023,8.183986633030049,0.8183986633030049
id_randomized_heldout,A4_train_seed_4,40092,250,0.10103018605990767,0.1,3.9491835916658666,5.678124154074531,3.73694777353639,0.3824835235772276
id_randomized_heldout,A4_train_seed_4,40093,250,0.19405300041076304,0.1,1.8397783116945023,9.617910926692241,9.183993122450502,1.7631480224261222
id_randomized_heldout,A4_train_seed_4,40094,250,0.1,0.1,7.395107896365547,10.70860793916333,8.044637999450286,0.8044637999450288
id_randomized_heldout,A4_train_seed_4,40095,250,0.10006436638434477,0.1,4.0912867121621455,7.902289014266593,10.576406050788513,1.058151423797391
id_randomized_heldout,A4_train_seed_4,40096,250,0.10381896259977756,0.1,2.850068713465611,5.768569106862965,10.3185543958307,1.0673766324690759
id_randomized_heldout,A4_train_seed_4,40097,58,0.09999999999999998,0.1,8.912815437959228,17.625650278323885,8.134943585787827,0.8134943585787827
id_randomized_heldout,A4_train_seed_4,40098,71,0.11336791244508279,0.1,3.3795686869699617,11.602688620480372,7.4264284401559735,0.855701666391285
id_randomized_heldout,A4_train_seed_4,40099,250,0.1,0.1,8.236502511993345,19.358389032609143,7.742020160167218,0.7742020160167218
