episode,step,safety_infeasible,command_attempts,safety_certified_steps,safety_intervention_steps,safety_correction_sum,safety_correction_max
1,250,0,250,250,107,456.62914291539363,16.980070218886247
2,500,0,250,250,32,70.5612355757443,6.419228329013724
3,589,0,89,89,36,241.41808988943782,25.537387333937623
4,839,0,250,250,48,744.9049060406721,32.312959431223426
5,1089,0,250,250,37,600.3413100930925,32.07325266517618
6,1339,0,250,250,25,467.11038684992775,33.91287775633492
7,1441,1,102,101,100,1802.0719439321101,31.490499979432162
8,1691,0,250,250,31,609.6269783307167,30.71044791448301
9,1788,0,97,97,19,351.27427505191906,32.093638966143814
10,2038,0,250,250,21,98.63844866645987,13.368072921377786
11,2288,0,250,250,105,482.6639811872504,17.372772342950235
12,2538,0,250,250,84,303.2230313908032,16.223193929137004
13,2788,0,250,250,24,375.52492248676737,31.995318237649997
14,3038,0,250,250,36,96.16643653163067,6.163249049661915
15,3288,0,250,250,48,826.8097262041722,32.65047470477522
16,3538,0,250,250,131,552.0957831771706,9.845403406890043
17,3788,0,250,250,51,116.60940700846292,8.25001520721898
18,4038,0,250,250,29,597.5350579819426,32.89064349982514
19,4288,0,250,250,24,449.920618809507,32.13004065993686
20,4538,0,250,250,28,128.71813875042182,13.819869828159314
21,4788,0,250,250,93,289.9529853416561,8.424826617671695
22,4953,0,165,165,39,144.92327897491228,19.457531813174555
23,5101,0,148,148,19,252.3758417649644,28.404942581259622
24,5235,0,134,134,23,336.3962149394361,30.86143773905593
25,5485,0,250,250,57,878.4920188019224,30.786417759594762
26,5735,0,250,250,36,830.665883644624,31.790029361506495
27,5985,0,250,250,36,692.4586841382996,33.90467038975516
28,6235,0,250,250,43,1000.508476094646,32.45439983442161
29,6485,0,250,250,93,352.18177932219356,10.682413174189522
30,6735,0,250,250,14,38.17507298057996,6.434069464770439
31,6985,0,250,250,70,225.64821170247427,7.260415347297421
32,7235,0,250,250,26,68.66583318366142,7.195599761403741
33,7485,0,250,250,35,759.1939023780265,31.657548241457786
34,7735,0,250,250,155,690.7052543085415,9.02619928026093
35,7985,0,250,250,16,96.74524579845935,13.240169468395909
36,8235,0,250,250,58,157.90865816801454,6.906251727215939
37,8409,0,174,174,84,216.9771472279815,8.835354401646622
38,8453,0,44,44,9,17.049688857075125,3.113248276707389
39,8703,0,250,250,9,16.91409653431705,4.726059393517491
40,8953,0,250,250,7,35.1288981193878,11.299910091749434
41,9203,0,250,250,250,3418.8843994100193,34.21549196685414
42,9453,0,250,250,37,775.8887768009654,32.160769902744384
43,9703,0,250,250,38,926.5263374837078,32.704296343840326
44,9953,0,250,250,37,471.3804066045805,20.11451291908479
45,10203,0,250,250,227,1491.6721775424955,31.06017411760947
46,10453,0,250,250,73,518.7491099557925,31.126309843466874
47,10703,0,250,250,2,12.642094964347457,6.91238827084756
48,10953,0,250,250,13,254.55460285912474,32.7584703292159
49,11203,0,250,250,53,205.82949199764715,7.905152660452705
50,11291,0,88,88,6,37.914635507319225,10.497350943196732
51,11376,0,85,85,19,94.8548252008988,8.753308822545455
52,11626,0,250,250,37,906.7035072313479,31.920035228837932
53,11876,0,250,250,148,896.343371473946,23.235157821515177
54,12126,0,250,250,64,719.3136079085464,19.864181283117446
55,12329,0,203,203,35,382.7666569595709,28.980593155604495
56,12579,0,250,250,174,485.07046798056376,26.94006445591532
57,12629,0,50,50,19,158.67439581721266,12.423238763412787
58,12879,0,250,250,112,575.8423904078228,14.028606227584822
59,12939,0,60,60,21,259.69801500183615,26.73729352652638
60,13189,0,250,250,27,362.2504668919132,26.00249117692677
61,13439,0,250,250,116,645.9565241777728,8.472420321737488
62,13689,0,250,250,30,515.8653168794028,33.3116945770727
63,13939,0,250,250,29,127.12252483186036,9.398042127353763
64,14189,0,250,250,52,527.3899411531831,18.215087681453056
65,14439,0,250,250,45,340.49400090037796,20.466407982870617
66,14689,0,250,250,35,281.1239836055801,15.959531052706957
67,14939,0,250,250,28,589.7560439078362,33.21313689325665
68,15189,0,250,250,22,103.12254513241511,9.295120105547685
69,15439,0,250,250,23,517.7709347904781,33.36201854491903
70,15689,0,250,250,26,617.8714928400209,33.31608419132716
71,15939,0,250,250,17,336.8415273267055,31.639227004511138
72,16014,1,75,74,73,1668.8813533183984,32.094429284687855
73,16264,0,250,250,38,105.74569545193744,6.86440392558805
74,16514,0,250,250,164,723.4811882479637,16.774848663852325
75,16764,0,250,250,91,389.42413028246017,24.787253795936024
76,17014,0,250,250,78,1695.2269848788696,32.45358303082609
77,17090,1,76,75,75,1599.0767292170337,30.820495899767817
78,17340,0,250,250,148,359.77678976464966,8.908583327546696
79,17590,0,250,250,65,1282.2530176915157,31.929300968611713
80,17840,0,250,250,42,806.1025358878478,35.823804032553916
81,18090,0,250,250,124,2203.982012517999,32.141760266245385
82,18340,0,250,250,32,330.85632400480335,27.700587579184468
83,18576,0,236,236,4,1.4081675847090078,1.1567675344343427
84,18826,0,250,250,146,797.4741326027088,29.152995176816606
85,19076,0,250,250,53,518.9988324061974,29.513138623896264
86,19326,0,250,250,5,2.0807680174392775,0.827766282874137
87,19467,0,141,141,15,18.41161234832414,2.46543668567559
88,19544,0,77,77,10,74.17502109728765,10.183672377599951
89,19794,0,250,250,32,703.3767240672336,28.54608983904971
90,20044,0,250,250,206,593.9052058712491,10.503608758605617
91,20294,0,250,250,30,291.2927911618249,15.714076802217388
92,20544,0,250,250,40,1050.0656180538494,32.58293772150386
93,20794,0,250,250,8,10.470718537699375,2.6005195903459453
94,21044,0,250,250,21,412.1735949622963,26.128459775781923
95,21294,0,250,250,62,165.42303078897788,11.593878163690894
96,21544,0,250,250,20,75.63974458769022,5.669890403747559
97,21794,0,250,250,21,23.159603093334894,3.217296600341797
98,21926,0,132,132,4,3.678721804720703,1.9951089654763496
99,22176,0,250,250,176,1065.789090154303,28.609278200542562
100,22426,0,250,250,58,876.9905237522971,20.06765317646125
101,22676,0,250,250,87,772.1643125013547,28.761693040042516
102,22926,0,250,250,50,296.4519417559587,16.417618896831865
103,23176,0,250,250,25,474.3479957322103,26.51950883729282
104,23426,0,250,250,16,23.325133688242467,3.4797513484954834
105,23676,0,250,250,186,780.1773042669963,27.658170642646308
106,23926,0,250,250,222,2077.6152631888735,25.63192008788159
107,24176,0,250,250,17,221.27283967920417,20.13144853986622
108,24251,0,75,75,31,373.8907295757796,21.725360321714074
109,24501,0,250,250,44,128.94934555123024,6.1464286546390765
110,24751,0,250,250,31,180.74483735016338,10.439745999540268
111,25001,0,250,250,246,1035.5447705392096,20.9107178666121
112,25079,1,78,77,76,959.9983013031556,16.66913052767827
113,25329,0,250,250,13,32.57398479530919,6.586023807525635
114,25579,0,250,250,40,469.8533622002157,24.24278742477022
115,25829,0,250,250,15,43.20933639631702,5.448218569677459
116,26079,0,250,250,61,796.3140500872302,31.39631146339039
117,26329,0,250,250,31,267.312931067567,15.297369228742017
118,26515,0,186,186,16,356.98413477527953,28.372903784742746
119,26612,0,97,97,39,103.4897788861392,5.4463981964548225
120,26706,0,94,94,27,149.36251172598247,11.45269626393321
121,26825,0,119,119,28,443.73391941425706,22.357830571712533
122,27075,0,250,250,179,976.7529837480226,21.88771206260405
123,27325,0,250,250,47,171.42548264510123,6.287706198681041
124,27575,0,250,250,56,474.1460041097991,17.078813915351123
125,27825,0,250,250,34,335.3447669447988,22.236838732543386
126,28075,0,250,250,11,19.573869539964853,3.7336940850031604
127,28325,0,250,250,215,2042.7063913514708,28.48339801304625
128,28387,0,62,62,10,6.916996625570607,1.2182193017238905
129,28467,0,80,80,28,53.08476817112139,4.266233917634606
130,28717,0,250,250,105,503.67140295458887,15.637754778607434
131,28967,0,250,250,52,305.4642046296647,14.119527227447673
132,29217,0,250,250,63,94.37697879673426,3.6856867461150435
133,29467,0,250,250,63,835.6181453009139,25.799229447592886
134,29717,0,250,250,26,382.89519640519774,26.108717192025885
135,29967,0,250,250,159,917.3116408174806,26.859398603586996
136,30217,0,250,250,9,29.506986005773257,5.157937843042625
137,30467,0,250,250,40,528.3934129249227,18.964522018479556
138,30717,0,250,250,23,142.3519732379118,10.905997679523393
139,30762,0,45,45,28,48.57247185237132,4.310208003353613
140,31012,0,250,250,10,25.661902333733874,4.578503179065023
141,31262,0,250,250,115,537.2189209151136,16.301047528425656
142,31512,0,250,250,58,438.3785709868974,26.035701018979786
143,31762,0,250,250,11,33.545807497779506,5.1973632085459345
144,32012,0,250,250,74,90.61210235328676,5.005789633859167
145,32262,0,250,250,14,141.48704043848528,18.544361028238782
146,32512,0,250,250,15,94.8004173399096,10.40773015892251
147,32762,0,250,250,243,1465.3493543085071,24.683132528242353
148,33012,0,250,250,25,72.07371891427648,6.453738250803707
149,33262,0,250,250,22,42.796164960451506,4.185455117484154
150,33512,0,250,250,46,216.39131238818007,12.710743796506556
151,33762,0,250,250,29,204.02602467025443,16.925201433038158
152,34012,0,250,250,48,695.670149147555,20.851584782758316
153,34262,0,250,250,23,237.6105956911554,13.591686925204236
154,34512,0,250,250,37,643.1958282674676,26.140147981585635
155,34762,0,250,250,240,1133.8671309089916,10.064496448748791
156,34998,0,236,236,21,58.52281401384007,7.224902119858225
157,35248,0,250,250,22,88.13525637667335,8.005428481392832
158,35498,0,250,250,35,396.7459975226914,18.75932056022915
159,35590,0,92,92,31,527.082393984034,27.593976250025378
160,35694,0,104,104,39,299.02143281796845,24.566044138728476
161,35793,0,99,99,23,576.3933373000547,34.74637665261544
162,36043,0,250,250,55,176.7149831745745,7.592207230880315
163,36293,0,250,250,166,3021.47075753828,28.861416760248098
164,36543,0,250,250,67,859.853422205062,24.346979062288664
165,36621,0,78,78,22,496.57892869389497,33.97017473066625
166,36871,0,250,250,231,918.6498586184297,8.715155893591861
167,37121,0,250,250,98,1964.6910159281922,31.821093879532633
168,37371,0,250,250,224,4628.359705770865,42.481591550767966
169,37465,1,94,93,92,2374.102760270763,32.535440843929955
170,37715,0,250,250,22,514.2100766656589,34.027466487273756
171,37965,0,250,250,177,740.2946783131927,27.05537602840821
172,38076,0,111,111,58,478.50737839058627,22.52062860715829
173,38326,0,250,250,118,561.1538639089008,26.898090573549517
174,38576,0,250,250,28,192.80319496404312,14.913338381152018
175,38826,0,250,250,168,636.5676521454624,21.95399465628035
176,39076,0,250,250,64,158.75166946053898,7.1273791232541095
177,39326,0,250,250,96,196.26814985002923,9.746304423553536
178,39576,0,250,250,46,125.95386062026286,7.213334540497281
179,39765,0,189,189,12,57.61033618715021,6.485029531008765
180,40015,0,250,250,44,383.46625318342547,17.810869677385696
181,40265,0,250,250,28,400.14099504230023,24.5312099622835
182,40515,0,250,250,56,270.18256010539153,10.739322196697172
183,40765,0,250,250,60,801.8106265030605,22.89492756554872
184,41015,0,250,250,230,1692.807621868783,24.897958310245215
185,41265,0,250,250,65,883.9514637191791,23.410997267853197
186,41515,0,250,250,40,84.42304697656267,6.169438902189254
187,41765,0,250,250,34,24.882637252530234,2.965873223746513
188,42015,0,250,250,33,224.09939802366068,12.358139495063606
189,42265,0,250,250,9,108.64235202195513,20.29750613229469
190,42337,1,72,71,71,1534.2174241956022,32.853713091809695
191,42587,0,250,250,34,857.3695188896622,34.22942546011305
192,42659,0,72,72,13,269.00437033487344,27.242403065855086
193,42909,0,250,250,31,516.4061948648657,27.64634594648246
194,43159,0,250,250,141,2071.237471511811,22.86777328538855
195,43409,0,250,250,41,332.3679234468279,26.58582747284107
196,43659,0,250,250,17,72.002043570968,6.087317355979155
197,43909,0,250,250,49,449.4807916501413,17.60572678125262
198,44159,0,250,250,10,93.45918784314063,16.19146487686955
199,44409,0,250,250,37,313.85670255203144,11.271891956718456
200,44659,0,250,250,47,995.9121647983475,29.573218801099358
201,44909,0,250,250,57,761.0710685723727,22.30286394572295
202,45159,0,250,250,5,26.438382565822494,7.722121238708496
203,45227,0,68,68,11,11.72938660818343,3.9293701965190126
204,45316,0,89,89,30,273.82957125060676,26.662878359718572
205,45566,0,250,250,47,436.890045193499,15.169886290980356
206,45816,0,250,250,25,276.3461920698063,19.26523484730272
207,46066,0,250,250,7,10.524495516340723,2.1585245910969535
208,46316,0,250,250,13,186.60788164119845,18.54159332352188
209,46566,0,250,250,82,391.72902682529326,8.44101751746143
210,46816,0,250,250,11,12.386522109052354,2.570755087148902
211,47066,0,250,250,209,1022.4223877298563,11.800768445945533
212,47316,0,250,250,59,343.24316094484516,9.440656334591324
213,47566,0,250,250,52,286.4090628687426,9.882364380777759
214,47816,0,250,250,10,54.20350605564184,8.727707218345577
215,48066,0,250,250,5,8.665152782383373,2.268192975356945
216,48316,0,250,250,6,34.43256640610214,9.758199138917227
217,48430,0,114,114,28,186.73481955239538,19.15493873207786
218,48680,0,250,250,219,1042.8314160490163,28.653956089026142
219,48930,0,250,250,83,991.9482577754239,25.36706513636958
220,49180,0,250,250,43,587.565593761024,18.254845426346026
221,49243,0,63,63,29,91.14018574388712,5.3546874518457805
222,49279,0,36,36,17,36.158923496924324,5.640809002404815
223,49529,0,250,250,17,55.98037948969643,6.072059154510498
224,49779,0,250,250,4,1.6864622704789207,0.6887981413511389
225,50029,0,250,250,26,609.5409900741936,32.198401703747436
226,50279,0,250,250,31,83.11379297242755,6.607009500319031
227,50529,0,250,250,55,1471.9206207797795,32.073476454684766
228,50779,0,250,250,25,645.473423325062,32.37935906271732
229,51029,0,250,250,24,467.49616072962573,27.68283752638646
230,51279,0,250,250,3,8.012464907119911,4.30425204339355
231,51529,0,250,250,249,2480.097009409832,30.34851972667221
232,51779,0,250,250,26,642.2540170697881,33.682131148254776
233,51814,0,35,35,4,7.0433229564266275,2.582211823381045
234,52064,0,250,250,249,3649.3526570698086,28.728178140824664
235,52314,0,250,250,115,178.93862568319423,9.874138087270262
236,52376,1,62,61,61,1045.5611096913815,24.207520762069127
237,52507,0,131,131,42,456.07564997160415,20.751283357940633
238,52757,0,250,250,43,543.7561093272402,22.529014156166525
239,53007,0,250,250,2,5.288769019352941,2.8018345452552498
240,53257,0,250,250,15,270.1449412252475,31.444794683127476
241,53507,0,250,250,78,1984.1009002188664,31.83351728959192
242,53757,0,250,250,89,421.5687179901386,25.035407330063524
243,53805,0,48,48,24,57.44784753740848,5.927147874190572
244,53869,0,64,64,24,459.55428383770675,29.236257858637344
245,54119,0,250,250,23,178.0530599005598,15.846647015911278
246,54369,0,250,250,37,109.27443409624307,5.702951479571559
247,54619,0,250,250,6,11.545191415487354,4.163091168365799
248,54869,0,250,250,32,782.6150151685868,31.377608745292623
249,55113,0,244,244,59,698.4304974854688,20.374994183777996
250,55363,0,250,250,0,0.0,0.0
251,55613,0,250,250,12,125.0386947534987,15.553057719647068
252,55863,0,250,250,23,103.33925676727426,7.92468809434285
253,56113,0,250,250,227,3046.5886866063584,21.461083470269948
254,56191,0,78,78,17,256.81249111527836,23.906920072781443
255,56441,0,250,250,34,253.91465035548856,19.30944530726878
256,56691,0,250,250,62,953.22639517715,27.419680292540264
257,56941,0,250,250,68,1105.296949555789,31.463772413348256
258,57191,0,250,250,136,631.2476793403705,26.425803417530396
259,57441,0,250,250,7,85.17999057547036,17.948677256659924
260,57493,0,52,52,5,57.39248218150629,16.27554407276053
261,57567,0,74,74,24,588.7107532242968,32.58134901806033
262,57612,0,45,45,26,42.20561570531846,2.7319039122313935
263,57685,0,73,73,30,73.40267252874985,6.006451390585531
264,57935,0,250,250,41,1013.1154677909954,32.867159165461295
265,58185,0,250,250,32,317.2492858828677,16.046479079104365
266,58435,0,250,250,21,46.74574016566648,4.8280388475647005
267,58685,0,250,250,58,460.7153805185352,27.069434115291177
268,58935,0,250,250,17,422.3603153888484,33.47672756553255
269,59185,0,250,250,19,317.41146592820326,27.081134675011956
270,59435,0,250,250,14,24.55078696916398,4.1466423017342295
271,59685,0,250,250,248,1661.9212385526798,26.18182457687318
272,59935,0,250,250,24,390.34819681324166,23.8920440175443
273,60160,0,225,225,36,151.2538767408138,15.30320403553651
274,60222,0,62,62,17,299.17219541349766,29.972521862367106
275,60472,0,250,250,48,215.5439336326995,10.02674450940623
276,60557,0,85,85,38,101.13800474232275,5.309365080554131
277,60807,0,250,250,47,793.9380866654293,31.032963151905033
278,61057,0,250,250,39,134.5247043760136,8.126385218913327
279,61307,0,250,250,21,434.3956513058834,26.59319851435981
280,61557,0,250,250,16,295.9465774618695,26.82970947995804
281,61807,0,250,250,16,156.28235432659645,12.763476291546962
282,61999,0,192,192,158,586.235768675274,13.337926643964458
283,62249,0,250,250,172,1437.5225186874404,22.691723703805465
284,62499,0,250,250,172,625.5027677823036,17.34041615715192
285,62749,0,250,250,22,182.86549109856395,18.405233297537087
286,62999,0,250,250,67,457.076592566144,26.428364629952856
287,63249,0,250,250,142,710.8917558242578,15.348223767211602
288,63344,0,95,95,30,74.68223008132384,7.91974192308156
289,63411,1,67,66,66,1156.2009302112936,23.63009750782287
290,63661,0,250,250,33,624.6757132964746,34.68910922280248
291,63911,0,250,250,39,88.6699982117747,6.023409546788926
292,64161,0,250,250,23,79.32445486472652,9.200557168252969
293,64411,0,250,250,20,77.86545725708815,8.921906376731807
294,64661,0,250,250,7,9.45667275606287,3.7463763588204597
295,64727,1,66,65,65,1278.3159565789279,28.265134265544983
296,64977,0,250,250,27,108.61207740587183,6.540922870842881
297,65227,0,250,250,24,529.3959106114971,33.9228790835549
298,65477,0,250,250,55,799.410292113959,24.108025437267226
299,65727,0,250,250,13,223.74573388901155,23.622710077240765
300,65830,0,103,103,86,472.20238890295826,26.578160507582677
301,66080,0,250,250,46,260.94608800912124,23.54856632577245
302,66330,0,250,250,33,243.5881488702974,16.16152527668938
303,66580,0,250,250,219,1550.3029147851373,16.774041823848563
304,66830,0,250,250,82,1238.8368147553895,28.956045210436876
305,67080,0,250,250,67,1360.9415518322407,31.027624137063892
306,67197,0,117,117,55,91.75437060964836,7.455623941015591
307,67447,0,250,250,22,76.00264141979338,6.239793400362424
308,67697,0,250,250,121,542.0249390064051,29.266817933825994
309,67947,0,250,250,18,356.308255328359,30.97262933315013
310,68197,0,250,250,180,1448.0481905212057,25.541287894388287
311,68447,0,250,250,9,186.06599948989825,31.17975090745856
312,68594,0,147,147,33,564.7355428312843,25.697802009944773
313,68844,0,250,250,14,127.77864162117876,11.702235563123141
314,69094,0,250,250,234,659.4450803663641,8.617707909294964
315,69344,0,250,250,240,1234.5270629621245,25.250084296999965
316,69594,0,250,250,62,982.2204942245755,24.152432408641715
317,69844,0,250,250,65,520.9020471894194,25.74540185072831
318,70094,0,250,250,19,442.602156480487,32.05726578618708
319,70160,0,66,66,38,436.30420356181406,19.376045244269008
320,70410,0,250,250,246,1279.8617534501875,22.593815500568684
321,70660,0,250,250,42,589.0994242760545,30.18537105376079
322,70760,0,100,100,70,501.9005757121894,14.158321676029786
323,70838,0,78,78,28,205.8006359051584,21.938197810255186
324,70915,0,77,77,9,80.65083943857181,12.94915947818299
325,71165,0,250,250,79,1075.715361535748,22.557331331188013
326,71232,0,67,67,15,35.24707373176606,4.590235694290805
327,71482,0,250,250,22,543.6246829119372,30.820719892820875
328,71613,0,131,131,60,1446.907496537261,31.889965404652173
329,71863,0,250,250,168,230.6995059915926,4.327515327698102
330,71940,1,77,76,73,1910.2728980178533,32.221261337873706
331,72190,0,250,250,249,3749.462321439528,32.791606339674054
332,72440,0,250,250,46,225.59145747073742,16.31995733024444
333,72690,0,250,250,22,405.855111327591,25.383938437485973
334,72940,0,250,250,24,121.18916079354948,8.623145678191548
335,73190,0,250,250,120,584.0132763758562,23.931104235707668
336,73440,0,250,250,41,992.3924083184991,30.257618571846752
337,73690,0,250,250,16,82.80154793389755,7.777214050292969
338,73940,0,250,250,228,1345.1223622179095,15.063406250438272
339,74034,0,94,94,45,268.1899352577531,16.309828871345665
340,74284,0,250,250,65,800.6847347389088,21.37996198005547
341,74534,0,250,250,42,107.85798321558156,7.7537829767786395
342,74784,0,250,250,26,546.2362253196328,33.00576632608242
343,74846,0,62,62,7,14.656374379243724,4.725982357673116
344,75096,0,250,250,40,453.97782981123686,32.66188521678611
345,75346,0,250,250,36,306.7335278581621,25.4851552296085
346,75596,0,250,250,13,193.8687719374138,24.858180743808216
347,75711,0,115,115,7,26.90483416464718,6.4913763999938965
348,75961,0,250,250,123,546.7966347752749,14.412785398453002
349,75982,1,21,20,20,450.8862878825776,34.273837199566245
350,76232,0,250,250,4,5.682218259598712,3.1295231121650993
351,76482,0,250,250,45,883.286185701451,29.250406940897815
352,76732,0,250,250,40,637.3481660304823,30.959072050643528
353,76982,0,250,250,209,3315.1878567118515,33.37033555657495
354,77119,0,137,137,41,834.3213219559457,29.903649903867578
355,77369,0,250,250,3,3.0389911471743813,2.323004242234792
356,77619,0,250,250,26,114.78490678756194,6.637915134429932
357,77781,0,162,162,51,671.5293909051875,21.623879576544624
358,78031,0,250,250,17,404.6199292736928,32.700003674632846
359,78281,0,250,250,162,597.4192270310133,24.941101236512733
360,78531,0,250,250,21,517.2556449293008,30.936834350754378
361,78781,0,250,250,67,654.5839370727999,28.585967418504275
362,79031,0,250,250,86,450.85180024593484,29.375034602626897
363,79281,0,250,250,33,699.4385766921514,32.551030446248284
364,79531,0,250,250,17,221.35453504538756,23.142388286919243
365,79781,0,250,250,72,274.13841088805736,9.32041786875146
366,79841,0,60,60,36,82.88400003025376,7.73184061050415
367,80091,0,250,250,36,496.35678795639967,30.47445330703173
368,80147,0,56,56,15,125.87467733843003,18.417506802039355
369,80397,0,250,250,11,19.689368434452433,5.107205556444953
370,80576,0,179,179,31,710.6473104289815,33.41251810830407
371,80639,0,63,63,29,95.09298901812433,7.018974304199219
372,80702,0,63,63,30,281.3169127355474,25.651669544988863
373,80952,0,250,250,164,285.6067297596335,4.860792082094081
374,81202,0,250,250,107,349.8067461540248,7.143937784374842
375,81310,0,108,108,29,176.7523496689953,11.040105292336056
376,81412,0,102,102,42,509.01253529995967,28.724102475805502
377,81662,0,250,250,23,468.2771208784205,29.03381639406205
378,81912,0,250,250,247,2565.0218299898415,30.267191049989755
379,82121,0,209,209,13,98.56112142836166,16.43857503977311
380,82371,0,250,250,34,192.29315503543904,9.381743196646147
381,82532,0,161,161,22,508.6498217062949,32.192547694232765
382,82782,0,250,250,14,353.86676551841697,31.870001653046785
383,82847,1,65,64,52,988.776741846866,29.148297726650537
384,83015,0,168,168,20,509.7216016245115,34.13363182685024
385,83042,1,27,26,25,625.361624055181,65.10480497249898
386,83292,0,250,250,22,76.1681309015634,16.428727459987954
387,83419,0,127,127,13,27.720866261060735,4.33691876232947
388,83669,0,250,250,62,511.27476435859467,29.798985040441508
389,83919,0,250,250,60,847.4187975539328,20.434625279761825
390,84063,0,144,144,22,339.1568713671174,21.499197258135897
391,84313,0,250,250,240,2030.5031423301336,28.397023600258823
392,84563,0,250,250,30,238.40109026196936,13.147930155108533
393,84649,0,86,86,27,155.7284425889875,9.195456689446228
394,84899,0,250,250,26,47.67574792858738,4.677168925153831
395,85149,0,250,250,23,456.8588170708512,29.40224583576716
396,85238,0,89,89,43,221.67535888900773,11.946448277418371
397,85488,0,250,250,25,318.59347418874364,18.77581754495701
398,85738,0,250,250,53,1209.6263128068113,31.621694551319354
399,85988,0,250,250,74,1517.4514355085685,31.618678044769332
400,86057,0,69,69,22,269.0371712014999,24.42905940309474
401,86109,0,52,52,21,44.21568129885003,3.348977089996157
402,86359,0,250,250,6,25.14058323000819,7.026930227043928
403,86609,0,250,250,38,478.03939178490714,22.8083648982743
404,86859,0,250,250,41,290.8225487836207,12.539811401210436
405,87109,0,250,250,22,70.06321309758019,6.288711071014404
406,87359,0,250,250,12,140.93054792737968,23.152018480019894
407,87609,0,250,250,54,576.8281759209109,25.82582862453002
408,87859,0,250,250,38,355.7174252341645,25.947452901600144
409,88109,0,250,250,14,158.57909460556564,25.409975782956472
410,88359,0,250,250,8,34.54910427163548,7.1773615775058675
411,88609,0,250,250,59,1142.5936108674086,31.329234028339346
412,88859,0,250,250,43,719.978490603868,27.752912572725073
413,88896,0,37,37,15,23.076143837769045,3.059060267697849
414,89146,0,250,250,23,199.22421733764466,29.91248521917529
415,89396,0,250,250,225,2470.8886520671435,30.35824673134678
416,89646,0,250,250,248,3022.5229155310053,26.366215577773268
417,89896,0,250,250,22,86.58290765629445,7.296300698082109
418,89972,0,76,76,28,379.6768631163595,21.891990143030746
419,90222,0,250,250,10,12.484619586643019,3.6398787668896424
420,90403,0,181,181,33,636.985109673779,29.31505371761736
421,90653,0,250,250,249,2981.2081147108897,25.69643731508195
422,90903,0,250,250,248,3045.0148146252172,27.96841255105275
423,90987,0,84,84,28,90.40732229519519,7.299682452462668
424,91237,0,250,250,18,389.91358498599953,31.31826995296933
425,91487,0,250,250,39,452.5461386631574,29.186427439932896
426,91737,0,250,250,3,2.3559913307545837,1.3308135969288437
427,91987,0,250,250,30,60.86396743978113,7.315874910018541
428,92237,0,250,250,64,146.08470164911668,6.8638093298020655
429,92487,0,250,250,35,461.3622646810082,29.621165606725853
430,92585,0,98,98,14,33.23039367999903,4.053840164227404
431,92835,0,250,250,250,1200.0669713824464,6.289773555420982
432,93085,0,250,250,250,2010.1892698171275,28.18764550945168
433,93335,0,250,250,79,253.6489903150939,8.142781220232006
434,93585,0,250,250,236,3067.950574476198,31.891556273390513
435,93728,0,143,143,30,285.83537897980614,13.817836838268224
436,93978,0,250,250,250,2478.9578216469663,29.205988719385378
437,94052,0,74,74,16,213.23927857563692,23.518765104961513
438,94302,0,250,250,19,448.7409128674608,31.627154300732354
439,94339,0,37,37,15,31.384962425479774,3.312231869060751
440,94438,0,99,99,16,337.6666606588396,31.05608101431888
441,94688,0,250,250,15,28.689851619896274,3.1210184808641706
442,94829,0,141,141,26,112.84412516480961,9.468774936723689
443,95079,0,250,250,40,394.16537390231946,19.806571699011656
444,95329,0,250,250,26,143.9587682845648,11.748102981502534
445,95579,0,250,250,61,229.2442750451795,7.92826321954443
446,95656,0,77,77,23,45.66245441195488,4.0642010496529535
447,95765,0,109,109,24,205.02598263722157,26.35480531583279
448,96015,0,250,250,11,107.93761753178164,14.249547766861593
449,96265,0,250,250,34,287.66458698796976,29.179779376508453
450,96440,0,175,175,87,1261.6809621238872,29.649388338864
451,96690,0,250,250,217,914.5861499656625,32.872307183336616
452,96940,0,250,250,250,2557.7490436124335,29.48428102210962
453,97190,0,250,250,228,908.7270724294841,12.880426233679112
454,97401,0,211,211,43,801.0127078657353,31.451657462454538
455,97552,0,151,151,19,422.6499733471159,31.28137353473121
456,97802,0,250,250,34,677.6019611386388,28.067102246212634
457,98052,0,250,250,14,34.22466262923966,5.653972937317401
458,98302,0,250,250,23,524.3527362175216,32.75181041663122
459,98407,0,105,105,25,439.94149750351863,26.679476108753427
460,98657,0,250,250,23,368.12039403623805,27.29628940103575
461,98907,0,250,250,17,101.71457353853899,9.440391365041265
462,99157,0,250,250,52,204.76416481852644,8.14477463848942
463,99407,0,250,250,32,573.6887049284697,32.346738243780706
464,99470,1,63,62,62,1021.6883347222239,24.022689079510123
465,99720,0,250,250,15,36.45153040132982,5.496880531311035
466,99970,0,250,250,29,562.8415403445007,29.740194863656964
467,100043,0,73,73,29,659.9497015881633,30.873104315158677
468,100293,0,250,250,10,55.01207152747016,10.057121905119816
469,100543,0,250,250,39,495.4597926531708,19.69872939412907
470,100793,0,250,250,21,235.27310808018876,29.72500484953818
471,100938,0,145,145,4,5.7818881405897535,3.3808812164187114
472,101045,0,107,107,32,563.0854975793458,27.753985204092178
473,101101,1,56,55,55,860.4879917395966,27.740378993487475
474,101351,0,250,250,36,269.2453798815909,27.755471733977345
475,101459,0,108,108,40,221.6410836743023,13.482176818177697
476,101528,0,69,69,31,625.06466990691,29.144248588396067
477,101778,0,250,250,74,347.7415239499385,21.850888343839674
478,102028,0,250,250,203,470.09652816424705,18.20300154073163
479,102116,0,88,88,33,700.7294943022334,31.111563834018607
480,102366,0,250,250,41,346.9187466163956,12.803704490745194
481,102535,0,169,169,129,766.59919979207,21.293422812415848
482,102785,0,250,250,238,1555.3981000211302,27.314095793107175
483,102838,0,53,53,20,43.52001088822793,3.720034901826653
484,102919,1,81,80,78,1325.566474592852,27.499818848875112
485,103169,0,250,250,16,50.10605613841226,6.078968716807877
486,103419,0,250,250,15,303.71839851452575,31.88052440812505
487,103669,0,250,250,45,744.7103320278966,30.112008312466934
488,103919,0,250,250,210,806.7195575536384,24.57686396626124
489,104169,0,250,250,139,4015.964465715339,31.992745033015062
490,104419,0,250,250,49,415.7621827132551,17.784373524517278
491,104669,0,250,250,25,67.0948366884177,8.149892299652246
492,104919,0,250,250,24,86.04170324789206,5.3771035686550235
493,105169,0,250,250,114,139.23682183088374,5.609240523350672
494,105334,0,165,165,83,1545.514259300682,31.45157828901788
495,105584,0,250,250,29,281.0679584213647,27.108200853459017
496,105834,0,250,250,24,431.8990068520203,27.38085903779708
497,106084,0,250,250,35,656.5509845723639,29.86478562894285
498,106334,0,250,250,45,777.3551547245223,28.609950324740716
499,106502,0,168,168,53,158.56594849164588,9.020413213338932
500,106752,0,250,250,219,1829.6246455047662,30.83932647956373
501,106830,0,78,78,34,528.3209279375681,24.054962300024528
502,106900,0,70,70,34,702.3340588845543,30.803483867544887
503,106966,0,66,66,18,40.50448430999604,3.90376054298268
504,107216,0,250,250,40,404.41016091206944,26.34236442382636
505,107254,0,38,38,7,7.8295085988232955,3.170774100250818
506,107375,0,121,121,90,1549.2637382542316,31.815152180179535
507,107625,0,250,250,19,203.189579762648,14.533689620143132
508,107875,0,250,250,10,63.20630044932652,8.308927124302786
509,108125,0,250,250,219,2352.23148059079,30.883248260377837
510,108375,0,250,250,17,343.5262210413271,26.09403271205297
511,108625,0,250,250,33,334.7679216956903,15.8505479554316
512,108680,0,55,55,13,35.16345747862778,5.017868239169498
513,108930,0,250,250,224,706.9980918221321,25.843947508050658
514,109180,0,250,250,8,15.778236932924852,4.061274784257155
515,109430,0,250,250,33,604.276857020574,32.63594652515753
516,109680,0,250,250,24,503.37693378441776,31.934428427302198
517,109767,0,87,87,49,232.01798733699243,15.80471436092962
518,110017,0,250,250,246,2075.8873337463074,32.4279821045533
519,110100,0,83,83,8,61.996524637663306,10.078949533285835
520,110350,0,250,250,28,139.59836063404867,9.65591156523331
521,110600,0,250,250,16,35.135272883294036,3.9325867883277974
522,110850,0,250,250,21,74.06258720084446,6.919648170471191
523,111003,0,153,153,72,1030.7584704202354,24.196348398167114
524,111253,0,250,250,231,1685.7064166620999,25.87122251831423
525,111346,0,93,93,36,390.42124339966017,28.702269688246805
526,111499,0,153,153,74,1180.7400702533932,29.394554549783596
527,111749,0,250,250,17,85.80124622285499,7.006608091554259
528,111867,0,118,118,62,441.2370802207333,26.321659335208114
529,111920,0,53,53,19,117.49493920019884,13.473728378421807
530,112170,0,250,250,45,138.35825904328976,6.662945494008129
531,112420,0,250,250,6,73.10198731969157,21.927048554252327
532,112670,0,250,250,51,331.97007512778987,22.691195536663216
533,112920,0,250,250,31,467.07095894217724,25.708496385159506
534,112982,1,62,61,61,1214.8991644011562,30.48698732367738
535,113232,0,250,250,36,639.1326002180884,32.51610672692051
536,113482,0,250,250,31,384.1902927394874,20.495640562126216
537,113620,0,138,138,74,1690.8387265170486,31.71224665439397
538,113870,0,250,250,204,450.0429127748477,20.884067372590255
539,113955,0,85,85,26,596.1997045296557,31.561325717377542
540,114033,1,78,77,69,1539.729168658143,32.11814004461208
541,114283,0,250,250,58,336.05885986382833,26.818254966963778
542,114370,0,87,87,17,62.690787778890254,7.277798522094955
543,114620,0,250,250,65,274.0881149312699,13.122465252843096
544,114870,0,250,250,41,287.11338286646566,14.10408204509336
545,115120,0,250,250,33,174.0873294980789,7.881537437438965
546,115211,0,91,91,36,362.7579111339551,29.88615329450873
547,115461,0,250,250,229,886.6080870947302,20.716625073118795
548,115711,0,250,250,207,1752.4832387513602,29.361971997982174
549,115961,0,250,250,71,1657.2035612960472,30.209181284576683
550,116211,0,250,250,10,26.875984135358497,4.4586727228403635
551,116284,0,73,73,26,383.4947298669387,20.751949890711412
552,116534,0,250,250,87,484.8762835015174,12.03653977471916
553,116595,0,61,61,13,212.06660960411332,27.969636162978716
554,116845,0,250,250,246,3434.030344764323,31.83574419455283
555,117095,0,250,250,23,443.04689016191645,29.040534229850238
556,117150,0,55,55,15,33.9517649723783,6.291851774546968
557,117400,0,250,250,86,1592.3985358787793,27.32356348000053
558,117650,0,250,250,31,728.6638101226557,31.700996442789414
559,117900,0,250,250,98,1512.4829526884528,33.32013532660178
560,117984,0,84,84,24,537.8973157387925,31.965624167398225
561,118096,0,112,112,47,547.5127099409622,27.374003981373583
562,118346,0,250,250,45,927.9050677065549,29.538946405693782
563,118394,0,48,48,22,51.110758763817216,6.188495807574307
564,118644,0,250,250,16,334.9593965756883,29.848789325387706
565,118894,0,250,250,11,18.280929304665463,3.7721951753430454
566,119144,0,250,250,34,586.6908615600875,29.015396350860634
567,119201,0,57,57,19,289.2351589655691,28.405999152164576
568,119250,0,49,49,16,37.67843887020397,4.935908784191488
569,119414,0,164,164,49,292.31713814792425,19.826970881649412
570,119664,0,250,250,119,1331.909616276563,31.72986354492103
571,119914,0,250,250,244,1651.367148266198,25.9236734462835
572,120164,0,250,250,28,69.54461858235913,5.05768806190091
573,120287,0,123,123,19,350.4344849288291,31.079717669632473
574,120537,0,250,250,39,315.2239349554183,28.48154418489171
575,120787,0,250,250,9,27.726876184655822,6.690710750043734
576,121037,0,250,250,43,407.0551561581713,16.983304973925698
577,121287,0,250,250,21,54.00037874397244,4.730808306667558
578,121537,0,250,250,35,163.29951232257994,7.750653635873058
579,121611,1,74,73,73,1340.5903222435802,26.093373402778347
580,121861,0,250,250,43,363.57663253796943,14.869643606543999
581,122111,0,250,250,98,2238.034235690285,30.55894767868594
582,122361,0,250,250,37,361.35771824874143,16.45674999148597
583,122611,0,250,250,53,714.3856032113441,22.751879207578554
584,122861,0,250,250,33,685.2933120024234,33.96108166803547
585,123111,0,250,250,11,33.35916061120094,6.109115738417463
586,123361,0,250,250,242,965.4917021475181,25.032544555700046
587,123436,1,75,74,74,1284.0445897362652,32.193023481721696
588,123490,0,54,54,23,56.077426901335755,5.269034564156773
589,123566,1,76,75,63,1322.1038579621597,32.55710479275487
590,123816,0,250,250,17,25.912652986143513,3.911388635635376
591,124066,0,250,250,36,128.06931582312149,6.457305423906394
592,124316,0,250,250,65,728.097603558883,25.052841906062984
593,124566,0,250,250,247,960.8669092174555,26.41937409354955
594,124683,0,117,117,47,974.2345743936888,33.271292912180336
595,124933,0,250,250,247,3569.8812744690676,24.107387920032977
596,125183,0,250,250,24,76.95161413384459,4.70149885256046
597,125433,0,250,250,38,463.1673223122873,22.0218335748224
598,125535,0,102,102,28,401.80396102348567,23.44014930783151
599,125590,0,55,55,15,231.37597297327093,31.35382499244687
600,125840,0,250,250,45,590.5190557411639,31.507984950816336
601,126090,0,250,250,31,598.8978381983732,30.813766825788438
602,126340,0,250,250,25,449.5044104003123,33.50768794955218
603,126590,0,250,250,227,602.3563774756825,16.95765947667695
604,126840,0,250,250,42,197.5097229564453,9.822500463083184
605,126895,0,55,55,12,52.257669111913046,7.755785486318068
606,127145,0,250,250,28,653.058491426749,30.29464074798209
607,127395,0,250,250,13,292.03034609160335,33.414133851796045
608,127504,0,109,109,64,352.14370802946894,9.982046001059581
609,127754,0,250,250,25,451.90550785890855,32.728330247765655
610,128004,0,250,250,38,195.50967782126057,7.852429394210502
611,128254,0,250,250,38,460.150198793846,21.49252145045519
612,128504,0,250,250,20,157.8546535501494,20.518824012111445
613,128754,0,250,250,29,765.1233948973071,33.743943724740895
614,129004,0,250,250,26,533.3639356951306,33.66094365999037
615,129254,0,250,250,45,130.6793441012534,6.241330321971202
616,129504,0,250,250,19,220.6584123303265,19.72324610347681
617,129754,0,250,250,27,305.50697261454644,25.221478577373666
618,130004,0,250,250,50,287.25570936553163,17.732371963716957
619,130120,0,116,116,30,67.99033216844099,5.698028475112274
620,130246,0,126,126,15,35.63350003356833,5.684972090026801
621,130496,0,250,250,11,253.6162431676017,32.879713498394395
622,130746,0,250,250,43,645.2602390149809,30.274253270046067
623,130845,0,99,99,29,275.50331212608023,25.840273097198263
624,131095,0,250,250,103,449.00515702805694,8.229260140433249
625,131192,0,97,97,27,513.9100588890785,33.506707219851066
626,131442,0,250,250,54,206.53408167026484,8.21807094550529
627,131692,0,250,250,3,1.949685097509016,1.3391539368067866
628,131942,0,250,250,45,810.6469615329546,28.12745453772881
629,132192,0,250,250,27,238.29273976643458,16.806153560958943
630,132442,0,250,250,228,835.5272305268405,25.79568989145607
631,132692,0,250,250,56,616.2004629387872,25.977953869153435
632,132710,1,18,17,17,227.52512170997042,21.95432380177178
633,132960,0,250,250,16,27.921959148924373,6.924683581676988
634,133210,0,250,250,56,844.6958242817643,22.858237629419907
635,133460,0,250,250,136,364.6590457044951,9.414850742287285
636,133710,0,250,250,8,44.65531855934064,10.207593150487114
637,133790,0,80,80,11,20.09781514720282,5.553450116776511
638,134040,0,250,250,45,906.1947788979737,31.16787722321226
639,134290,0,250,250,31,593.4477287530052,32.4115146625533
640,134540,0,250,250,38,364.1980935040103,15.765111709959157
641,134635,0,95,95,39,640.1672796082946,24.35723174406418
642,134747,0,112,112,39,570.4822455164688,25.184940652773264
643,134997,0,250,250,19,387.72459357483183,30.293154355768266
644,135247,0,250,250,34,79.78435375685773,4.486797635854217
645,135497,0,250,250,13,57.87390066812858,7.003035107737142
646,135747,0,250,250,0,0.0,0.0
647,135997,0,250,250,14,42.049860541147076,6.670339764954052
648,136040,0,43,43,16,88.37534867652236,11.98854073749864
649,136290,0,250,250,250,2032.7598929567293,31.491955442785606
650,136360,0,70,70,36,425.8702790368954,24.405794194309056
651,136610,0,250,250,30,233.09489750180953,20.823704083184026
652,136860,0,250,250,14,224.90171367316566,19.6305387471268
653,137110,0,250,250,46,793.8316008636851,31.569336832613764
654,137360,0,250,250,27,463.74376238049047,24.52411429466684
655,137610,0,250,250,28,103.81867014339036,5.678864442343567
656,137699,0,89,89,19,370.4460422103824,31.099362547027102
657,137911,1,212,211,58,661.1821369364894,32.86677328076413
658,138015,0,104,104,13,48.51175153186548,16.43720303593658
659,138265,0,250,250,172,740.2309753682335,24.2937229936484
660,138448,0,183,183,67,477.5939012570307,18.393548026192992
661,138698,0,250,250,246,650.9180747024244,23.48270124309034
662,138948,0,250,250,48,750.8520855286348,32.84258994180059
663,139198,0,250,250,39,314.2791678407335,22.50663330979457
664,139260,1,62,61,61,1228.045883142729,29.00837592854558
665,139510,0,250,250,242,1052.097402547793,24.60576058504762
666,139760,0,250,250,16,43.610659574414974,4.905478183273966
667,140010,0,250,250,64,1272.6371585465424,29.141627535002947
668,140260,0,250,250,221,1818.9687560969498,31.838805909519774
669,140393,0,133,133,39,893.305537585184,31.90621244957498
670,140643,0,250,250,11,21.30993767798287,4.1135619152403935
671,140893,0,250,250,12,51.152670435390384,7.3499777563326285
672,141143,0,250,250,152,429.42287641059823,14.930763063205859
673,141393,0,250,250,21,264.17317221039275,23.112209267141473
674,141496,0,103,103,72,553.8806306815626,25.0245010685913
675,141746,0,250,250,194,404.01956685142363,11.394157629745187
676,141996,0,250,250,14,346.1139567472359,32.912848338317964
677,142246,0,250,250,45,422.0720824750223,28.349002574658865
678,142444,0,198,198,54,186.5518441785077,13.726033620399797
679,142694,0,250,250,142,373.30245181307265,17.59485480632968
680,142944,0,250,250,194,569.9664182175345,20.73463398403444
681,142984,1,40,39,39,797.0533983427516,33.10297354188102
682,143234,0,250,250,47,717.7396826377026,31.303253387617225
683,143484,0,250,250,50,1105.5183332478023,31.681912049485373
684,143562,0,78,78,14,53.026564177338365,6.605561535231351
685,143591,1,29,28,28,591.8519083442673,48.6011933673007
686,143841,0,250,250,105,936.4734529276203,31.359123709970284
687,144091,0,250,250,42,744.0203030312833,31.013813296504136
688,144341,0,250,250,111,564.8333592548825,25.22879185583825
689,144416,1,75,74,71,1476.7342309258136,28.463854641098155
690,144666,0,250,250,56,259.7926622416281,9.369556221518485
691,144916,0,250,250,16,262.0782865752202,24.832214026788428
692,145166,0,250,250,197,732.538675639441,23.833993241709628
693,145416,0,250,250,14,281.3673562459675,27.711792361539672
694,145666,0,250,250,185,357.1186908066964,11.544627557545185
695,145777,0,111,111,53,301.8371522846287,18.52752454261648
696,145900,0,123,123,31,160.11662040690894,6.9647330914093155
697,146150,0,250,250,30,314.2091029109003,25.385533989278454
698,146400,0,250,250,30,324.35142440339706,20.286386040384933
699,146650,0,250,250,47,366.3618318875642,14.35691594339634
700,146900,0,250,250,17,165.20169170070338,28.387960165696384
701,147150,0,250,250,33,530.3452092338428,30.116608250484752
702,147400,0,250,250,33,599.2663605199934,31.834250527898604
703,147650,0,250,250,57,363.107235265726,9.718704470438956
704,147900,0,250,250,232,1068.1504871376208,26.526435119102416
705,148150,0,250,250,101,488.4991452839391,14.914840991109793
706,148400,0,250,250,248,1845.9102330994197,33.20049771988984
707,148650,0,250,250,247,1544.5985931754071,31.528190630937843
708,148900,0,250,250,18,47.991900873196016,6.268060411102344
709,149150,0,250,250,241,998.4499943015966,11.139028709343213
710,149400,0,250,250,24,182.7808943760199,13.52042946386143
711,149650,0,250,250,27,117.09975185250063,6.824468518758165
712,149701,0,51,51,24,118.24454308865033,6.715178356508173
713,149951,0,250,250,44,792.2815198907673,30.541095308068527
714,150201,0,250,250,25,390.9178466780252,21.559285434347277
715,150451,0,250,250,80,1210.7846533901459,30.068874477724833
716,150516,0,65,65,23,79.98276258698849,6.415463095181525
717,150554,0,38,38,14,28.282595464270727,3.765516173890338
718,150804,0,250,250,31,256.4066447043319,14.129854364357941
719,150844,0,40,40,19,68.08077744579836,5.202188329227805
720,150965,0,121,121,42,89.47122629340062,8.151028190336941
721,151215,0,250,250,4,2.0712808633681297,1.298682879250068
722,151465,0,250,250,23,258.45101360229177,27.009180996912104
723,151715,0,250,250,18,19.658461282636456,2.4806234251668413
724,151965,0,250,250,16,243.89577691982896,23.310039531647032
725,152215,0,250,250,37,630.1121019498979,31.05669672210494
726,152307,1,92,91,91,1381.5025606943223,26.357960809864146
727,152557,0,250,250,102,334.66669114324793,9.704568764336354
728,152807,0,250,250,52,170.966917236897,8.096121288194633
729,153057,0,250,250,47,354.2952446643148,17.174364121084576
730,153307,0,250,250,20,222.64941534222322,16.724028095985126
731,153362,0,55,55,16,46.68994120078984,5.356077738309536
732,153612,0,250,250,12,22.048262985349822,4.581841133127644
733,153688,0,76,76,18,106.22977217987739,9.633466734829582
734,153938,0,250,250,68,420.61378253588595,15.094869596932334
735,154188,0,250,250,31,270.05533440149134,20.999160890482685
736,154438,0,250,250,53,971.0919210175624,30.35548889725277
737,154688,0,250,250,32,86.93117688480547,6.671982001147544
738,154938,0,250,250,59,203.36459169940568,8.392604030514649
739,155017,0,79,79,7,43.13026565246862,8.584005170380786
740,155267,0,250,250,87,467.9151986864518,24.712872351463893
741,155517,0,250,250,16,75.95548911311698,7.599696151897679
742,155767,0,250,250,4,4.675144894882522,2.0429373818021577
743,156017,0,250,250,47,193.79149048859452,11.340050828424209
744,156267,0,250,250,28,666.0171003977041,31.174186945603786
745,156517,0,250,250,15,135.43644784227607,26.83529439542061
746,156576,0,59,59,31,552.0464329885676,29.537248236281613
747,156826,0,250,250,39,636.7354501465383,29.21879983589356
748,157076,0,250,250,63,588.8769284149823,14.441365845822018
749,157326,0,250,250,13,34.55382049277818,6.173781901663467
750,157576,0,250,250,7,12.487456739221278,6.503808107176529
751,157826,0,250,250,19,55.82102510013126,10.856861982680899
752,158076,0,250,250,15,76.00271435160434,9.174912721578567
753,158326,0,250,250,74,610.0876509724932,23.04121602881567
754,158576,0,250,250,26,104.14069309937533,7.444005056694075
755,158826,0,250,250,36,629.8767327974933,29.630787337103225
756,159076,0,250,250,19,392.3943644202214,32.78798094146678
757,159141,0,65,65,42,176.60537783251678,7.885169196275592
758,159391,0,250,250,30,588.5113982734144,30.94666127964301
759,159641,0,250,250,32,564.1435480059804,27.313473695707806
760,159721,0,80,80,54,367.56031566752404,28.021838987448266
761,159971,0,250,250,65,330.5525244852347,9.404296731513488
762,160221,0,250,250,14,250.1907541686915,30.918799664774955
763,160471,0,250,250,60,280.55625646600157,8.51125685760448
764,160721,0,250,250,6,7.528162947451022,2.0136880855928916
765,160775,1,54,53,50,959.0321812608431,32.78395641669452
766,161025,0,250,250,0,0.0,0.0
767,161093,0,68,68,21,451.273918713606,32.03697022069596
768,161343,0,250,250,37,109.40569199354502,6.649327278137207
769,161593,0,250,250,247,1397.9160409865203,28.61360669969625
770,161843,0,250,250,231,1423.7813601172875,30.91318287723053
771,162093,0,250,250,10,118.65590314862757,20.720179777029426
772,162216,0,123,123,50,510.17758747298365,25.644990888858697
773,162317,0,101,101,25,494.04875882785933,30.30717350659514
774,162567,0,250,250,8,11.51677712943377,2.568926146631701
775,162630,0,63,63,22,97.92136608429003,8.648334391497523
776,162880,0,250,250,5,4.122901577346055,1.5056961340294979
777,163130,0,250,250,246,2129.6967911847864,31.314371869717732
778,163380,0,250,250,41,880.0081693476014,30.127171108167342
779,163437,0,57,57,33,416.98375708595023,23.35814975228893
780,163687,0,250,250,78,403.4155807648594,22.234427197920912
781,163937,0,250,250,39,768.4194176910416,33.180888443144454
782,164187,0,250,250,13,56.16139862982301,9.099506386528326
783,164437,0,250,250,247,2226.2832694834356,28.62821753797403
784,164500,0,63,63,32,417.847380079079,22.395426809075918
785,164750,0,250,250,249,2259.571375666305,26.388294693636325
786,164808,0,58,58,12,47.16522648581645,8.8475702536431
787,165058,0,250,250,28,667.1335063274926,31.186268809666547
788,165308,0,250,250,29,729.2971697943804,31.99603980547567
789,165354,0,46,46,24,331.9521571218455,28.60185779020047
790,165604,0,250,250,249,1518.7523561302269,27.62168691574794
791,165725,0,121,121,48,636.1914774295325,19.53979117822316
792,165975,0,250,250,4,9.628149589592429,3.3722802938786542
793,166225,0,250,250,45,846.7790079376376,33.7429151468032
794,166296,0,71,71,17,316.03511034155207,31.265454655718507
795,166355,0,59,59,18,50.82347732871584,6.954459855185543
796,166605,0,250,250,228,2517.824683742791,36.907909772445805
797,166855,0,250,250,27,537.6109877040843,31.55212795429976
798,167105,0,250,250,13,33.59362084674461,5.95328474989811
799,167355,0,250,250,41,189.49048522710314,8.670980387104779
800,167605,0,250,250,14,205.1871378303052,26.922854862338895
801,167855,0,250,250,51,1230.2965797337897,32.02525550334059
802,168105,0,250,250,230,913.5136525942116,16.662358112075452
803,168160,0,55,55,12,166.16278708808395,28.43692377088618
804,168410,0,250,250,3,8.72581338242625,3.4236213421551107
805,168660,0,250,250,30,348.69372784948376,25.575307618503654
806,168910,0,250,250,63,565.8923203804742,20.235692724989946
807,169160,0,250,250,33,176.59203194373902,13.657327623067921
808,169189,0,29,29,14,55.36230878011786,6.497540023685028
809,169439,0,250,250,81,406.36160802475695,25.23717679791123
810,169689,0,250,250,126,131.66888696786802,5.281575125081033
811,169743,0,54,54,35,104.26387072513013,6.700432777404785
812,169993,0,250,250,19,500.26725823220943,33.92370185106197
813,170243,0,250,250,243,1003.31036796347,28.055413128637994
814,170493,0,250,250,131,820.250257294077,25.37221736882902
815,170743,0,250,250,24,471.54957614541763,32.8002091677053
816,170993,0,250,250,33,302.3564291331591,26.80220801038945
817,171243,0,250,250,4,10.697242133717868,4.197677729907394
818,171327,1,84,83,77,1519.7105578929861,28.569808783690476
819,171577,0,250,250,30,503.2546560160052,32.50566882457021
820,171643,0,66,66,19,366.87958919804254,30.53363667209938
821,171893,0,250,250,39,811.6120114146903,33.83823081155982
822,172143,0,250,250,225,2154.479947496552,29.846739927537577
823,172342,0,199,199,65,897.8868706318023,28.02186000592165
824,172440,0,98,98,79,398.6722505191,25.22235845815597
825,172690,0,250,250,2,4.789459868819247,3.5301803990330107
826,172940,0,250,250,66,713.5517364709481,33.00210026832691
827,173190,0,250,250,21,441.7609104959913,32.64429244570875
828,173244,0,54,54,21,59.41401979735072,6.6520971607385455
829,173494,0,250,250,4,6.526727792168449,2.9470035221509074
830,173744,0,250,250,32,465.12624553884115,20.821539313632147
831,173856,0,112,112,38,660.8430141354277,27.399518206629647
832,174106,0,250,250,21,132.8057127099005,8.809567315763061
833,174356,0,250,250,37,718.3721765210242,33.981070608106165
834,174606,0,250,250,22,75.27407946023199,7.553134059128301
835,174856,0,250,250,73,178.8139691374771,16.50447050690286
836,175106,0,250,250,22,75.05573800211008,6.882893081067557
837,175146,0,40,40,9,45.50733758364305,8.578170103528619
838,175396,0,250,250,27,495.23879027751286,32.70015986651581
839,175646,0,250,250,11,22.081099250665613,4.515385327350951
840,175701,1,55,54,54,881.4168096713986,20.22722429889433
841,175951,0,250,250,11,18.245859929226786,3.665304247519369
842,176201,0,250,250,10,27.06355291738604,4.725790858512476
843,176451,0,250,250,28,704.6190687518998,34.240764084098195
844,176701,0,250,250,26,655.2411341809549,33.62696514839953
845,176951,0,250,250,38,542.168990318262,21.425613038216493
846,177201,0,250,250,235,709.7827821238859,23.527458082651915
847,177451,0,250,250,21,70.68107277236612,6.428921222686768
848,177701,0,250,250,34,422.9108635467298,21.501144726090875
849,177951,0,250,250,180,878.0758627878154,32.40536990068547
850,178201,0,250,250,9,53.81830527802098,11.142616781040708
851,178451,0,250,250,86,308.9085462140102,7.651301057556768
852,178701,0,250,250,239,1320.265562477923,10.53060649430437
853,178794,0,93,93,25,99.44198984349097,8.689015376409653
854,178889,0,95,95,28,235.20634830946116,14.860747658715823
855,179139,0,250,250,208,632.3335324717416,9.519401714565893
856,179389,0,250,250,25,181.10808729824342,23.776535255725197
857,179639,0,250,250,4,8.455691961296171,3.670325517654419
858,179889,0,250,250,250,2036.3684556143305,34.22524509005455
859,180139,0,250,250,33,207.3007574279885,22.304691518321935
860,180389,0,250,250,12,23.418178396137172,3.612737992120978
861,180639,0,250,250,43,260.2239144175999,21.739948943537858
862,180889,0,250,250,155,403.200842193025,11.895451240391585
863,180974,0,85,85,37,373.4669232655749,25.218261262337126
864,181224,0,250,250,52,216.26957273653613,7.951371192932129
865,181474,0,250,250,50,790.7123545124728,32.56558501326586
866,181724,0,250,250,14,22.491805833661182,3.561029327183804
867,181974,0,250,250,26,193.40797433871705,20.863173881866018
868,182097,0,123,123,51,749.1795824162441,26.222368469924604
869,182214,0,117,117,45,435.3205661894518,19.621138454898432
870,182464,0,250,250,29,367.4249023332945,17.904246687543665
871,182714,0,250,250,28,110.92143558755664,6.559458373458813
872,182799,0,85,85,37,340.6977736484548,18.055968229666004
873,182901,0,102,102,11,17.882621227273987,4.262850392263142
874,183151,0,250,250,57,92.26746921906876,4.619012201960338
875,183401,0,250,250,34,363.59445756994415,26.62724679397498
876,183651,0,250,250,38,129.99621678982535,16.846287770306358
877,183901,0,250,250,34,65.73449341483516,6.681228015056608
878,184151,0,250,250,29,199.53049532427357,17.741668679993147
879,184223,1,72,71,68,912.5262920012403,19.2724014021313
880,184473,0,250,250,63,1553.7019359220492,32.34301390413067
881,184723,0,250,250,35,413.12876228208404,27.00671198623029
882,184973,0,250,250,12,25.195238705216088,3.914297960476073
883,185223,0,250,250,248,2674.8058839425325,28.24694674605439
884,185473,0,250,250,39,230.69108243997636,14.92035179169317
885,185541,0,68,68,25,325.7857447346428,19.386366748191538
886,185791,0,250,250,40,728.7702493091789,31.623625479877113
887,186041,0,250,250,26,102.43392398342942,6.320322309978621
888,186291,0,250,250,20,80.219575250644,15.151126415384873
889,186541,0,250,250,50,1129.6483454086442,30.78254911141624
890,186597,0,56,56,25,87.66020669594,7.533771646436284
891,186722,0,125,125,110,881.257576232131,29.577492209057986
892,186972,0,250,250,60,973.7985182888812,32.192242617149525
893,187222,0,250,250,8,13.811809063638758,3.181496177352927
894,187472,0,250,250,196,498.27417906239737,7.8484456086557195
895,187722,0,250,250,39,211.45468339677697,24.561423725440306
896,187972,0,250,250,31,578.1939386874443,32.75842691079506
897,188222,0,250,250,250,2565.8319898039204,23.399283264555425
898,188472,0,250,250,81,505.912908699162,14.378039072693683
899,188722,0,250,250,43,162.9097346167228,13.399275518429524
900,188972,0,250,250,18,409.57336177005135,31.136023421774453
901,189222,0,250,250,9,15.553811851302415,3.322548836310695
902,189472,0,250,250,27,631.1690583986415,33.66946755147083
903,189722,0,250,250,31,67.97297302891653,7.544983072734655
904,189896,0,174,174,35,556.0327706346259,26.979864747840175
905,189983,0,87,87,39,201.48519821885074,18.229406398028082
906,190060,1,77,76,76,1275.4415132771205,29.00666600894345
907,190310,0,250,250,235,840.1049439463352,24.86145207913895
908,190364,0,54,54,3,6.003490426973853,2.6960122878765267
909,190614,0,250,250,6,12.315294851166078,4.483217716217041
910,190864,0,250,250,49,384.01773043421474,26.259205201792355
911,191114,0,250,250,13,29.129739075181448,4.620874454128449
912,191212,0,98,98,53,494.5670179762059,25.105104990435542
913,191462,0,250,250,218,2745.1691186289245,26.778515375296596
914,191712,0,250,250,21,61.34677001129105,6.8476039142105405
915,191962,0,250,250,14,160.40253207298787,28.102963852649964
916,192212,0,250,250,27,425.1493063979792,31.308564656226107
917,192266,0,54,54,26,391.8860983524224,34.638772186127994
918,192516,0,250,250,45,209.80072240509026,6.847911200199718
919,192766,0,250,250,14,60.380074478569526,6.5289376612564265
920,193016,0,250,250,58,1005.1721589404835,32.49200139482958
921,193063,0,47,47,24,85.72060472275014,10.736303323186744
922,193313,0,250,250,246,1779.6636952734318,23.759800681548473
923,193563,0,250,250,198,656.1875306141916,12.765575005766996
924,193813,0,250,250,125,713.6000196113961,25.36959829287128
925,194063,0,250,250,240,1143.8547024940406,18.872605224479607
926,194313,0,250,250,20,363.38816747358374,32.490716423667095
927,194563,0,250,250,17,159.59162536185252,15.72358105793351
928,194813,0,250,250,34,168.2477747748688,10.733582331257283
929,195063,0,250,250,14,22.204086413818615,2.5917005023841044
930,195217,0,154,154,22,534.5596357676621,34.483032127963064
931,195467,0,250,250,72,628.2047297786133,23.98952323298858
932,195518,0,51,51,27,131.3067489764817,9.105752720498517
933,195768,0,250,250,217,952.0882757969345,28.64458490129656
934,196018,0,250,250,149,559.4221500641048,11.396302182843396
935,196141,0,123,123,50,624.5751381570657,20.229370192352746
936,196391,0,250,250,17,64.35253462083298,7.128563942420436
937,196438,0,47,47,32,99.90686107671247,7.062181100989419
938,196688,0,250,250,242,2932.7806400674026,27.879848948911732
939,196938,0,250,250,46,507.12661678321047,20.418363319990913
940,197033,0,95,95,20,467.1972831551179,34.73866492037277
941,197112,1,79,78,70,1421.516470405372,28.22036164524356
942,197184,0,72,72,20,89.1557073126566,7.99021606705909
943,197434,0,250,250,249,1294.7496251595928,9.627300585579768
944,197518,0,84,84,8,21.011291107607708,3.798765034606351
945,197768,0,250,250,248,3061.6735263444575,28.50460776738268
946,197990,0,222,222,30,649.9741020108879,31.15271862726859
947,198057,0,67,67,26,129.5327064150637,7.560506589199204
948,198307,0,250,250,24,522.4588987248895,31.98717193936418
949,198557,0,250,250,13,306.59199210518227,33.03366243564197
950,198807,0,250,250,16,276.8087302964312,34.80908226985172
951,199057,0,250,250,249,858.7380622256759,6.715639078216483
952,199307,0,250,250,43,646.3580734288776,34.22983825493737
953,199371,0,64,64,16,241.1727974257667,34.29982668327519
954,199621,0,250,250,33,521.3787894849302,28.1649867080873
955,199871,0,250,250,39,321.4245727713272,33.108302788981604
