episode,step,reward,success,final_distance
1,250,-107.34329593804222,0,0.268678338898008
2,500,-142.3364567579337,0,0.06799328617538984
3,750,-136.21876907772833,0,0.32679047207921536
4,1000,-262.3181141381934,0,0.5436512294339414
5,1250,-204.5377008278638,0,0.38883597493346045
6,1500,-232.90958710533533,0,0.3288067527324274
7,1577,-42.88010118668579,1,0.04705233886732957
8,1651,-79.13512972809343,1,0.038772385737135935
9,1901,-173.00069734921465,0,0.0995949670498969
10,2151,-93.82205315829562,0,0.268654058954724
11,2401,-199.91303466774542,0,0.7996227877022161
12,2513,-90.27556719104831,1,0.04728041783889407
13,2763,-225.08621326800304,0,0.6020093462484307
14,2829,-74.79645756103815,1,0.04080537244776619
15,2916,-68.65545333927305,1,0.01904252499342055
16,3166,-171.82145371891565,0,0.37624538235117205
17,3229,-86.3621709625731,1,0.03509249302524113
18,3479,-264.9292407710776,0,0.679180204168901
19,3615,-105.18838777120547,1,0.034932525797384345
20,3865,-135.5936781941045,0,0.1785676547042296
21,4115,-161.99221071083394,0,0.4785785692855285
22,4365,-232.11199722283254,0,0.5486088126485039
23,4415,-30.028723747303793,1,0.04976259649559524
24,4665,-165.7520873782512,0,0.493070408556089
25,4915,-241.0466799045935,0,0.3091062189394307
26,5055,-81.41761481489439,1,0.014984934157136816
27,5305,-291.6222343276298,0,0.6744243490747811
28,5555,-245.0178063399179,0,0.5281412534942683
29,5805,-212.4214389189361,0,0.25136388239246704
30,5889,-47.20066549568363,1,0.04335851441528522
31,6139,-250.7061658827138,0,0.9296038811867557
32,6389,-155.39456602502895,0,0.3572077729715808
33,6639,-177.30426186740075,0,0.2349567027469159
34,6746,-90.40221559887983,1,0.032265754630207664
35,6996,-108.55366241280598,0,0.31572340554128786
36,7085,-52.856931096031246,1,0.036390208592583004
37,7335,-231.83445683881797,0,0.7969936810545842
38,7585,-273.6363036537653,0,1.2384513100288925
39,7835,-197.7254340851969,0,0.3758634733989677
40,8085,-126.05187425769267,0,0.23292609745942852
41,8335,-205.7506491906998,0,0.5267646194629841
42,8530,-103.28456261948241,1,0.04946641441068565
43,8780,-121.1321445722089,0,0.13303861375863454
44,9030,-181.4510725003328,0,0.21911453397326125
45,9280,-76.90058256868082,0,0.19300324574056577
46,9530,-198.40479182699593,0,0.24311451434949036
47,9780,-209.71107791124734,0,0.7214057373158411
48,10030,-142.2968448467086,0,0.21544359027362775
49,10065,-15.507946304345541,1,0.045021874677962335
50,10315,-91.74685286851086,0,0.2596100378613681
51,10565,-117.26429688544708,0,0.24344411482013278
52,10815,-54.74928293890847,0,0.11681315030365212
53,11065,-84.54656224037997,0,0.24189064905759172
54,11315,-102.06723610944329,0,0.06679325144723267
55,11565,-194.6957374325505,0,0.2278244051024675
56,11815,-98.93788314383671,0,0.20276881108324643
57,12065,-115.93961645180256,0,0.17934198664666276
58,12118,-37.65801117599465,1,0.038916399903813556
59,12178,-18.783921901967755,1,0.012466266755197719
60,12303,-37.58415486321319,1,0.04463695195100446
61,12553,-221.10523968623218,0,0.6099565996585957
62,12803,-248.03367636930244,0,0.7631885683131873
63,13053,-72.37033368763184,0,0.2031950967438528
64,13303,-139.8082926721619,0,0.23397323318070823
65,13553,-161.00777193905282,0,0.2666158920364683
66,13803,-130.19965910427337,0,0.21988473952780113
67,13875,-75.79890878179958,1,0.049319768169431524
68,13997,-139.68445222702044,1,0.021548445127259317
69,14042,-21.337071884566917,1,0.03007834502201466
70,14292,-62.92153923439325,0,0.07924661531318375
71,14335,-39.106647122616764,1,0.03697198873933858
72,14585,-137.5938701791544,0,0.2409526326074046
73,14835,-160.3096396887191,0,0.11235902026352683
74,15085,-210.2809589323419,0,0.22617655333460174
75,15335,-71.73633228446369,0,0.23930662754201373
76,15585,-159.25949210247026,0,0.3889146340245014
77,15655,-27.805498758919406,1,0.04022097626337243
78,15905,-114.79498892972967,0,0.17409077612399879
79,15944,-19.99926248929276,1,0.013221156673434415
80,16033,-74.73771448174634,1,0.04868753403445809
81,16283,-153.5940730153778,0,0.14608262073690031
82,16533,-140.43671345610107,0,0.1303330125843216
83,16783,-179.29286342314595,0,0.3083060337908589
84,16824,-21.0601415133573,1,0.031006432124831965
85,17074,-148.0729015909383,0,0.21678193166197934
86,17324,-121.5485272616429,0,0.16126572738882514
87,17574,-82.36192908462647,0,0.0890807741871942
88,17674,-121.78136010243458,1,0.03133630557771884
89,17747,-92.56146435936036,1,0.019201222764883563
90,17997,-165.2467133651271,0,0.06556787049020578
91,18247,-75.51699364297617,0,0.12421814178711525
92,18497,-87.38712094215843,0,0.15911039552593217
93,18747,-222.12452750050397,0,0.6679708533360599
94,18897,-101.65787550406084,1,0.04867017133098579
95,19147,-135.0235519778829,0,0.27422362748483886
96,19397,-91.49832432488697,0,0.0646367294957624
97,19647,-121.1293456906431,0,0.11704188489336886
98,19743,-107.10885530394728,1,0.015240052542832831
99,19852,-164.57918400379216,1,0.02402621745958267
100,20102,-205.7147302044128,0,0.282236214372479
101,20352,-155.21447990037603,0,0.22916939596693586
102,20474,-110.76956132635935,1,0.04822210515331548
103,20724,-122.36248000386844,0,0.14326031973345926
104,20974,-190.89515493771626,0,0.13114663012878955
105,21224,-74.05872368623189,0,0.07206191055662456
106,21474,-171.05155031890544,0,0.5392981588347388
107,21724,-219.39276198726287,0,0.5626213840427201
108,21974,-66.15456262552921,0,0.1743922724726801
109,22074,-77.2058784011642,1,0.04128651485365295
110,22141,-49.29870854602743,1,0.04941100360598799
111,22391,-175.5660197392328,0,0.3166098702662102
112,22641,-79.80558497725112,0,0.15140040025579188
113,22732,-107.18590783499928,1,0.03189647335452094
114,22982,-171.1702226373019,0,0.3383690994731475
115,23141,-152.03674369333856,1,0.04235352829589153
116,23215,-40.8751313340983,1,0.049586768971031175
117,23465,-154.4214573387418,0,0.22618026687284076
118,23715,-274.5057295374901,0,0.3438584996545828
119,23744,-4.9727818515267135,1,0.032852717419281204
120,23994,-99.97617494596726,0,0.1559155701544066
121,24244,-184.39937479505838,0,0.10330574541559058
122,24494,-176.48014741137445,0,0.2630448759582949
123,24567,-67.47883730311324,1,0.049450618947293766
124,24817,-131.55313908858196,0,0.25896563271123657
125,25067,-198.45254304037786,0,0.07521703001291195
126,25317,-136.5714510623869,0,0.3464876861223655
127,25567,-101.18317330170919,0,0.18114068202902509
128,25676,-66.01771837376091,1,0.035351487492428266
129,25926,-122.57821885032952,0,0.07224494757832046
130,26041,-151.35644505746595,1,0.04741285712806039
131,26091,-34.328538139232464,1,0.0494399389637883
132,26341,-70.41081411652479,0,0.11356941607520393
133,26430,-36.712757649275844,1,0.049072464198729876
134,26680,-91.04922160965668,0,0.1154592990682892
135,26888,-55.20300984655994,1,0.04888509464455694
136,26945,-27.08156331097493,1,0.03952425885778163
137,27034,-78.6228463277605,1,0.04622220351027032
138,27284,-306.82114113844415,0,0.4553189706635957
139,27359,-82.82251522499561,1,0.04792641215512234
140,27401,-12.778625400334839,1,0.04913241254046344
141,27651,-113.2782699022659,0,0.1316019615592225
142,27901,-128.095635501547,0,0.36627937191435816
143,28151,-143.86074461747333,0,0.25906717243038446
144,28401,-68.07068050976461,0,0.09231507640532383
145,28450,-25.693621601054442,1,0.0486960993852699
146,28700,-102.58944917100676,0,0.1938088729968646
147,28779,-30.674895624846876,1,0.037328161772542084
148,29029,-177.35897713401081,0,0.15571247158579155
149,29279,-138.72720146707118,0,0.06209536702508561
150,29529,-107.12458362604359,0,0.2769710039631187
151,29779,-134.14272844049563,0,0.13616511152434954
152,29849,-124.30354108308978,1,0.016226312163987223
153,30099,-160.57193967115344,0,0.2353349090891291
154,30249,-73.49853881275448,1,0.04940517902407339
155,30499,-154.57965181860064,0,0.12256397852025025
156,30749,-81.10291661537057,0,0.1845569557010566
157,30787,-20.953758329936456,1,0.04924339174304775
158,31037,-99.50601757906874,0,0.13652425027682416
159,31287,-286.81523772395053,0,1.0763087361303165
160,31329,-18.238284808493646,1,0.03380884728807991
161,31579,-147.9529264978406,0,0.10084676047720578
162,31829,-77.2072267668849,0,0.12366116056200936
163,32079,-99.53593932461268,0,0.22045128094030284
164,32329,-226.34928729935115,0,0.6866938367755142
165,32412,-116.19914299450343,1,0.04776002275235695
166,32662,-103.33680964415919,0,0.23410698813194186
167,32783,-93.99791833784903,1,0.04949427032002167
168,32836,-36.88245818975939,1,0.03009040007380907
169,33086,-113.26631045504656,0,0.27755782027398296
170,33336,-193.4337556101779,0,0.3769975793252443
171,33586,-90.09434031967315,0,0.15966134818545433
172,33836,-86.49304804876232,0,0.10706373429252335
173,34086,-66.4381553227369,0,0.13712908971622856
174,34336,-165.68135906892786,0,0.1516462505757621
175,34586,-163.0265250346048,0,0.21408364240515237
176,34836,-72.668167798371,0,0.2684842326048645
177,35086,-50.31559584101171,0,0.12699965498726962
178,35336,-149.03602619994376,0,0.17694599880344797
179,35382,-25.930360809382336,1,0.026745839500905238
180,35462,-102.77996793846678,1,0.04401473108741974
181,35712,-165.60192179432312,0,0.1924206388599791
182,35962,-156.1429766814637,0,0.19606354836751985
183,36033,-77.53045471453237,1,0.048919232303059654
184,36283,-213.48068233150227,0,0.2658638186070207
185,36533,-135.2546937868425,0,0.1280284126455362
186,36783,-122.78725878255936,0,0.356742609942321
187,36897,-51.91729165304407,1,0.0469206015408438
188,37147,-138.24918498762324,0,0.05925285557850905
189,37397,-220.05428467311933,0,0.37014941184059935
190,37647,-115.92459453810349,0,0.22620228313721183
191,37897,-134.61204357959173,0,0.19105216601121397
192,38147,-99.95402244085605,0,0.10150489844517244
193,38397,-96.08069621237802,0,0.09757876967192627
194,38647,-128.1266592639561,0,0.18004436222027215
195,38897,-176.10080144619508,0,0.1792362970684878
196,39147,-166.34345382990298,0,0.2604903868611747
197,39397,-145.00053313235824,0,0.1907652055312683
198,39647,-129.51206168923216,0,0.13424518648574646
199,39704,-77.20802220491844,1,0.029356329916005827
200,39743,-16.698866057059703,1,0.04908718529329882
201,39851,-62.62125012380972,1,0.0497475956664093
202,40101,-93.2336602024741,0,0.17203767435782152
203,40351,-101.90972197965297,0,0.16830858949692484
204,40504,-50.38712591282942,1,0.04964293395674709
205,40563,-66.50421953236344,1,0.028966915389710426
206,40813,-67.00092611659885,0,0.12889688836056315
207,41063,-104.776488247912,0,0.21180862151834193
208,41313,-101.658520751672,0,0.20479088005446486
209,41563,-134.16586506426736,0,0.2676090118305441
210,41813,-140.94038705427783,0,0.17298500588506013
211,42063,-135.11808834598074,0,0.27414676917352665
212,42313,-198.67572931106616,0,0.16524634041042444
213,42563,-63.75761436254319,0,0.14746201276039908
214,42609,-27.55951372338858,1,0.03898609009251464
215,42859,-115.78089264346522,0,0.13487136870109584
216,43109,-74.4020867631998,0,0.09877075131807458
217,43359,-142.52983497604356,0,0.44892870163483223
218,43609,-222.14550312703702,0,0.18999620778135873
219,43859,-177.9350196779277,0,0.17962324151968365
220,43920,-43.01302422722476,1,0.04818444087026181
221,43981,-41.625052130730914,1,0.020434345096686846
222,44075,-61.30853034862255,1,0.04895135866160111
223,44325,-117.50983993046185,0,0.11243916785960008
224,44575,-203.83625322921387,0,0.15745262594339696
225,44825,-95.34579581242724,0,0.10979946302258978
226,45075,-102.35438960262698,0,0.1405023825214303
227,45100,-8.876512894694384,1,0.03782747455277311
228,45350,-103.6951231778102,0,0.15458683142845775
229,45457,-139.90844765895352,1,0.04972851795420527
230,45518,-60.916913753770544,1,0.03890496828378765
231,45768,-100.57932322262766,0,0.19275127074323248
232,46018,-65.00944924126892,0,0.11487647351858869
233,46268,-101.50879410350775,0,0.1567761063186123
234,46518,-170.42668447492966,0,0.10334709632965144
235,46768,-64.58117218733919,0,0.16909827791640314
236,47018,-101.3394775025026,0,0.15862338455070366
237,47094,-113.331393588406,1,0.030151465929659508
238,47344,-77.13278672319508,0,0.12550489409368626
239,47594,-96.9483611966373,0,0.16100703700987778
240,47648,-43.4620038291511,1,0.04960600298857118
241,47898,-70.17827793914743,0,0.1285338645795269
242,48115,-117.38149234490305,1,0.023539561847162663
243,48365,-138.36098083029225,0,0.26237708207698035
244,48411,-28.344104741006234,1,0.04809172594031124
245,48496,-38.63728992219709,1,0.04961580606598198
246,48746,-70.15963851756369,0,0.12768508391621136
247,48996,-161.05375933682262,0,0.23246681011295514
248,49246,-127.31909678299489,0,0.3019014465713654
249,49496,-118.34233521648613,0,0.2656798912651616
250,49746,-138.3508116202213,0,0.10659287231525864
251,49996,-81.168308195452,0,0.23680854395568007
252,50134,-102.85096439481772,1,0.04777933651000324
253,50192,-58.56116836985634,1,0.016381836947292824
254,50442,-127.12008898320589,0,0.10010134123083235
255,50692,-147.23891087047465,0,0.39424381237146183
256,50835,-75.14024967950533,1,0.049091726525343035
257,50861,-1.7020300784767084,1,0.04398970715660185
258,51059,-68.95620360057607,1,0.025040422701210385
259,51149,-104.25954786024283,1,0.04846151398999643
260,51297,-92.76682191551357,1,0.048372294273723415
261,51547,-65.34646329779582,0,0.11282976371370687
262,51797,-202.9048904950449,0,0.26230054597239694
263,51900,-54.23859038364648,1,0.0316087190250445
264,52150,-220.70351775271197,0,0.18299751978673365
265,52400,-106.14023542108926,0,0.1908264462519078
266,52470,-82.13504216949295,1,0.021369802969678647
267,52720,-133.2322128126188,0,0.20887733427235766
268,52847,-77.65180132169725,1,0.049291540102746806
269,53097,-118.03644124442589,0,0.10382514203343084
270,53347,-94.49089154153884,0,0.22338178856883545
271,53597,-90.16542879759787,0,0.09802170102764647
272,53658,-60.611790573026056,1,0.01767776822467597
273,53908,-105.38017805099035,0,0.207517884239304
274,54158,-116.94409077855632,0,0.34640908265706805
275,54408,-138.90301323260783,0,0.16616116058604233
276,54658,-106.30938135885742,0,0.11625809458494632
277,54908,-89.9310381719399,0,0.15209381495409618
278,55158,-82.99039013871706,0,0.13656000693880008
279,55408,-185.1983656727606,0,0.13186147271858012
280,55658,-66.35719202123889,0,0.09259457342943614
281,55908,-96.04136519786444,0,0.20452713404780246
282,56158,-90.74151887682608,0,0.19985520894748288
283,56408,-107.92150208004301,0,0.19907409582194605
284,56658,-220.46287962807094,0,0.32526129491129335
285,56908,-111.59834205756256,0,0.1749063114681953
286,57158,-88.03924784960816,0,0.17009144731884399
287,57408,-116.58523767960509,0,0.22009485820777008
288,57658,-124.93526336083818,0,0.09318168674592658
289,57908,-101.94536807432716,0,0.2373102339916727
290,57977,-101.11168170922758,1,0.048335985872450866
291,58227,-111.38573912258823,0,0.22420594468817262
292,58279,-46.316091298045755,1,0.00427614358839248
293,58315,-13.457390947081086,1,0.008415229256209007
294,58565,-119.96504443138771,0,0.18499964041365435
295,58815,-70.18393991379838,0,0.13511791380389704
296,59065,-155.60117581088187,0,0.4028900465743468
297,59315,-123.1510131910516,0,0.1540207291568587
298,59378,-32.733924771062114,1,0.04167651022853122
299,59628,-213.2765407405656,0,0.206142269854011
300,59669,-32.053457456694126,1,0.04819430724893975
301,59743,-109.33850687601614,1,0.013993198679833759
302,59993,-107.74104795557223,0,0.2614958375863752
303,60243,-126.6950469439603,0,0.297781784783432
304,60302,-63.6452535511898,1,0.02255601969304211
305,60552,-158.37167771912533,0,0.3442920287776003
306,60698,-82.68877585290775,1,0.04941353191582197
307,60948,-112.6788937692052,0,0.280744396825834
308,61125,-48.94613473014618,1,0.049340296918098304
309,61160,-19.235917757433427,1,0.02118280674732489
310,61410,-105.41114535867891,0,0.13356041448226563
311,61441,-7.402008527687986,1,0.017869021176065536
312,61691,-95.60686646742104,0,0.06387804409399211
313,61941,-164.4324094506193,0,0.17839399378310453
314,62191,-97.41108181265216,0,0.11359070032614264
315,62441,-62.33863430443705,0,0.138754882929785
316,62511,-85.82371198534565,1,0.02187404653860588
317,62761,-161.08116085758087,0,0.29105128150095005
318,63011,-123.80531236622637,0,0.26961419264615727
319,63054,-15.43276778163136,1,0.03667623479008947
320,63304,-109.4534001212321,0,0.30559259424904767
321,63554,-97.68982326178178,0,0.20430783944716838
322,63585,-8.41174003880188,1,0.03363632832404816
323,63835,-91.82750420811293,0,0.06932778263612677
324,64085,-95.0254663833194,0,0.2506150657075471
325,64335,-114.4642020858162,0,0.09348538214996974
326,64585,-117.42319018695882,0,0.21793925359548127
327,64835,-114.00490318326493,0,0.1753791453901853
328,65085,-124.35354236728224,0,0.2609961528940425
329,65143,-105.00147799066026,1,0.036629680927915145
330,65207,-60.73260799975172,1,0.01681964624664267
331,65457,-118.06604978151499,0,0.28917238666648226
332,65707,-173.07895159085203,0,0.26862868119852973
333,65957,-101.27947134489897,0,0.11566093286147362
334,66207,-197.25019022362287,0,0.2973536665712732
335,66457,-49.905591143906406,0,0.11912570814990132
336,66707,-84.09521307875646,0,0.09188178507072864
337,66757,-24.51312312721266,1,0.03530640367336377
338,67007,-141.5993834554943,0,0.22213492619750524
339,67257,-149.84270526618323,0,0.13853285753402478
340,67373,-83.11881934911031,1,0.04074728148508261
341,67623,-223.96046927028863,0,0.42756001770459384
342,67692,-70.13886210827398,1,0.048877610708030955
343,67942,-97.24167550190086,0,0.07815954215059215
344,68192,-116.33285077332127,0,0.2612476199230982
345,68239,-36.729241532394255,1,0.028657981857590997
346,68489,-100.89439869981567,0,0.14604889315718828
347,68530,-21.8195161395909,1,0.0317949688989787
348,68780,-80.7762450599204,0,0.07159032922623562
349,69030,-123.27819350241302,0,0.18509322417737314
350,69280,-138.82680013609237,0,0.19473790903234411
351,69530,-93.62490404874083,0,0.21845621472929383
352,69780,-90.81535477771136,0,0.21457831534422697
353,70030,-110.90458770232549,0,0.18039754968773278
354,70078,-70.22668973011909,1,0.032126343759929454
355,70177,-64.50364874948598,1,0.04867977783022754
356,70427,-113.07841517662449,0,0.33233529584538374
357,70491,-61.00946187866701,1,0.049339511502452756
358,70593,-96.34792720351687,1,0.04421450356470084
359,70843,-88.17308549891564,0,0.12930610580611196
360,70964,-26.31326352932195,1,0.04931759365100496
361,71001,-20.879940813369085,1,0.04075826186044849
362,71251,-112.07715499375769,0,0.411812588564656
363,71501,-105.71676192354157,0,0.13634995036064887
364,71751,-73.30256188392654,0,0.18949480979139122
365,72001,-117.01355676351791,0,0.2535475179869063
366,72251,-100.69141580193524,0,0.33000122291545253
367,72501,-107.876274579143,0,0.11325121804853733
368,72751,-148.99371414485702,0,0.30011473126278293
369,73001,-99.67578238798042,0,0.16110359247622075
370,73103,-38.9124719957589,1,0.04921593484177879
371,73353,-79.256246333704,0,0.12088768712965149
372,73385,-22.293545677982635,1,0.040369738798184764
373,73635,-105.22265085832484,0,0.26784532652332904
374,73885,-74.98646184881498,0,0.17590849689347884
375,73945,-124.43380308691223,1,0.0401795800187859
376,74195,-95.9807625188888,0,0.24528129139621202
377,74445,-110.81989824849425,0,0.2801904030600478
378,74695,-165.04269408437668,0,0.09087310559090274
379,74945,-104.15300597017934,0,0.27507107941188474
380,75195,-71.18808485441252,0,0.08549632931233943
381,75445,-97.50972404770921,0,0.13437610969713312
382,75695,-67.30386157827573,0,0.11740032131633682
383,75801,-182.29653837901628,1,0.03583213994777021
384,76051,-110.22578037588549,0,0.3002155533792821
385,76301,-112.96279704027035,0,0.07156456195026024
386,76551,-83.61975612335831,0,0.11934316970749487
387,76654,-95.05559682790538,1,0.04980255264840208
388,76904,-93.6402816001757,0,0.13272776806559344
389,76941,-24.043920514730615,1,0.003897454594962202
390,77012,-56.81856460199228,1,0.01610245542036195
391,77262,-197.60331823638984,0,0.36288864680955984
392,77512,-61.98934286290227,0,0.15583687304071744
393,77576,-62.536629887693856,1,0.04730884970814103
394,77826,-176.74470743796988,0,0.37346498567883446
395,78076,-105.39617495016483,0,0.3153484120128051
396,78326,-210.45228522146488,0,0.19597872760839175
397,78358,-21.07669996460851,1,0.04102098290763239
398,78608,-112.06049716719218,0,0.17467351535473205
399,78858,-158.92912025999354,0,0.06362969348817175
400,79108,-195.81079665030362,0,0.4281312595009311
401,79253,-80.06683616441205,1,0.04791041968341444
402,79503,-98.86869139896471,0,0.1338211029600327
403,79753,-103.7965547471213,0,0.22721418144178052
404,80003,-118.88070038981131,0,0.13235523278817454
405,80253,-84.03729874756841,0,0.16884148320025708
406,80503,-123.7491344321249,0,0.2672796129294364
407,80688,-126.5795317723001,1,0.04942669892356268
408,80938,-144.77677078403,0,0.30270644645992534
409,81188,-62.62706132454027,0,0.08261763835916303
410,81438,-80.3672435195346,0,0.10853838749427758
411,81688,-76.96647470826574,0,0.12971651645862645
412,81749,-71.06913251736955,1,0.015322213012747719
413,81834,-84.17832987344056,1,0.04446407166228765
414,82084,-119.60324518074034,0,0.32243089757487176
415,82334,-134.33077878513598,0,0.27992006084518656
416,82584,-94.48304137510243,0,0.1344579520286722
417,82678,-57.13186398061896,1,0.04807576448805709
418,82781,-77.5632859559795,1,0.04734880938505041
419,82820,-15.994843862057056,1,0.02804845149576143
420,83070,-149.33959588531565,0,0.09687270890757148
421,83320,-98.50714179208768,0,0.18359869760091693
422,83570,-103.8907883361949,0,0.2331450026444403
423,83628,-56.274297708596805,1,0.030993928953974514
424,83685,-60.160019622487084,1,0.024517312710332508
425,83745,-94.22862076748777,1,0.047619576515901686
426,83995,-97.63044764894681,0,0.2619041451976524
427,84156,-75.6337020612632,1,0.04979301096640137
428,84406,-96.47416291112997,0,0.13270185690900987
429,84453,-40.08497333734476,1,0.038058438487556946
430,84528,-65.69566268987634,1,0.04770115362232646
431,84778,-92.37589097049555,0,0.14086444206490367
432,85028,-163.13990730648442,0,0.32855709888584245
433,85094,-42.73162343202658,1,0.046256349560436
434,85126,-15.862785187396005,1,0.04946491118818363
435,85376,-125.60452757224951,0,0.12872052801233155
436,85626,-120.38795479751857,0,0.08831614442010526
437,85876,-153.87265321114452,0,0.2233221695870479
438,85959,-67.4664432119101,1,0.028744842536886816
439,86209,-106.29913193107168,0,0.1557459378322178
440,86246,-58.935818024779046,1,0.04643910644440526
441,86319,-63.881224716342516,1,0.047130724242139176
442,86454,-50.10872823534967,1,0.04798773605279513
443,86704,-133.35306067512352,0,0.1279876902018093
444,86772,-71.76067348156064,1,0.048482446023053294
445,87022,-149.5415262190811,0,0.20243800626452252
446,87088,-65.01089457751121,1,0.02956129020284042
447,87158,-88.7389002890119,1,0.017210239688449893
448,87408,-107.47731064617662,0,0.12202697999780944
449,87455,-39.8783195697445,1,0.010184202698233606
450,87552,-79.3612403012676,1,0.046532842755807255
451,87802,-81.67934874064795,0,0.14503527344194508
452,88052,-110.04002504879894,0,0.28906011866980835
453,88085,-24.22161344986189,1,0.041925308175539855
454,88126,-27.978192998530872,1,0.028944425484848064
455,88376,-127.10336673736387,0,0.16930046029691168
456,88448,-23.037066272407472,1,0.048399996800408795
457,88698,-100.75114913521898,0,0.18025049908929996
458,88948,-121.29651690421932,0,0.292680073533595
459,89198,-79.5446168544281,0,0.17981541375656296
460,89448,-122.92444165051656,0,0.10663377036641702
461,89698,-154.89030557405925,0,0.11883245910983152
462,89948,-173.45412035377004,0,0.09884105891466341
463,90198,-96.96546022350893,0,0.1876152436290405
464,90448,-53.728835133108674,0,0.10818624545140763
465,90618,-88.30373900197841,1,0.049250604517304855
466,90722,-56.27975563837484,1,0.0492357305719815
467,90972,-86.99775692484216,0,0.07915715495309718
468,91222,-116.12869543211076,0,0.12910692801089577
469,91348,-44.33389099382883,1,0.04979200483383363
470,91420,-75.33064919168531,1,0.0415859021214731
471,91670,-111.02743015164609,0,0.2760587172816883
472,91920,-79.62209725019822,0,0.1343498091065126
473,92087,-82.10817432415824,1,0.04839219177520331
474,92337,-159.84601939420025,0,0.2385879452721047
475,92587,-162.5764964103168,0,0.16495312761369818
476,92837,-103.69282819077891,0,0.11909504105921916
477,93087,-102.77345524599104,0,0.23358845807497708
478,93144,-46.261140026571,1,0.03585410138746474
479,93281,-103.7238217733552,1,0.04893215824055526
480,93531,-97.30602409946985,0,0.2075532052764297
481,93781,-187.33917955581106,0,0.10314165448763558
482,94031,-101.90018019429567,0,0.11161873598814664
483,94131,-85.7261508340453,1,0.048135561927798
484,94195,-76.34637775110104,1,0.03405886219045942
485,94254,-76.6155302872608,1,0.04324224706533394
486,94504,-108.9782230001194,0,0.11202751944074175
487,94754,-107.55301770840538,0,0.14782837842766477
488,94792,-23.876407149081885,1,0.03975704316235211
489,94878,-72.5866542845087,1,0.04162288984203897
490,94967,-61.78493588041518,1,0.04969845066544096
491,95217,-87.93855139853308,0,0.05579777058415908
492,95272,-54.25372848017609,1,0.03372291277706955
493,95303,-19.4345562387662,1,0.03564724743907809
494,95360,-48.710071707900376,1,0.0491402108180821
495,95610,-145.7261013510784,0,0.10782335201218711
496,95860,-76.38241471479854,0,0.10647805870139167
497,96110,-91.00638984645403,0,0.29872142769261983
498,96360,-59.42788828360632,0,0.06657689453277656
499,96437,-47.24639759906245,1,0.049599158085219884
500,96499,-73.45782470429091,1,0.038931566312458164
501,96544,-34.274696358791005,1,0.013102793679980377
502,96602,-83.49595002470411,1,0.02073381208933388
503,96682,-104.00240821868408,1,0.048197563918935184
504,96932,-89.48255514534715,0,0.12033337798306927
505,97182,-72.03977415695557,0,0.07579376548779083
506,97432,-80.94218829252416,0,0.15308413280788133
507,97682,-110.21841256713009,0,0.13818222286060852
508,97779,-120.72213146755307,1,0.04983582937417114
509,98029,-189.79804943435948,0,0.38017039093718613
510,98279,-101.14323128647969,0,0.2205373030232729
511,98529,-183.8304748346104,0,0.2886931788764096
512,98779,-112.0027625154142,0,0.20213372794913587
513,99029,-69.31819698683933,0,0.11023544787810027
514,99279,-142.66242470810957,0,0.2177719515057658
515,99529,-81.92473647007917,0,0.15427975992911927
516,99588,-38.333871176359814,1,0.04406918710419776
517,99838,-81.2543564587877,0,0.172322969923222
518,99894,-17.94768573956702,1,0.047223437707610255
519,100144,-204.87492835826367,0,0.3040631815911696
520,100394,-155.04446081921915,0,0.18419466089897774
521,100436,-14.280527438480604,1,0.026151229465535608
522,100571,-182.08210115696394,1,0.027466672369649368
523,100654,-73.17087342285535,1,0.04904781784528148
524,100904,-117.71548946907534,0,0.22363639724064321
525,100961,-81.37855483150693,1,0.025026830791415097
526,101004,-53.041113285567555,1,0.016503647123093934
527,101254,-107.84534182422169,0,0.12853062008118352
528,101504,-86.90212333232796,0,0.10482208135512222
529,101574,-112.22408477007896,1,0.0480603722588851
530,101824,-103.30076741125413,0,0.2806591554872239
531,101887,-28.575807717378083,1,0.0483610330729319
532,102137,-98.87668297626652,0,0.08962935861005351
533,102241,-123.11367751209224,1,0.049997556746636966
534,102323,-71.2470298337451,1,0.012002011384161996
535,102573,-110.92613542080231,0,0.10975215462986893
536,102639,-76.80581603569563,1,0.027877163881916092
537,102700,-55.26903643910596,1,0.022942306541354575
538,102950,-104.06895898515235,0,0.14593833073748996
539,103200,-134.34076858989263,0,0.08795220246548448
540,103450,-70.87663153389032,0,0.0874412063697298
541,103541,-82.9031177671309,1,0.04909755657869957
542,103791,-164.6247321419717,0,0.26582415187140523
543,103874,-73.81129302975572,1,0.04893962514286029
544,104124,-130.39233507496917,0,0.15334612491102836
545,104374,-152.48563319062552,0,0.12078177098592151
546,104437,-76.74822308202349,1,0.02468084101145697
547,104687,-233.61574595894066,0,0.0991581477797477
548,104937,-90.51106978244796,0,0.16684209628197585
549,105187,-159.8335323251837,0,0.09926923876296626
550,105437,-122.18329903937442,0,0.11804891955359194
551,105580,-66.60599578769686,1,0.049423978024021216
552,105830,-81.75291173267507,0,0.11209935731945993
553,105890,-60.54405882184529,1,0.01683052001411069
554,106140,-86.42659248407668,0,0.10193483086311406
555,106208,-69.41808326019057,1,0.048790861168435694
556,106458,-124.30752213231084,0,0.0961947944969525
557,106708,-152.50936738411912,0,0.09979640080405838
558,106958,-119.72535169647735,0,0.10585731092087311
559,107208,-73.13063141321429,0,0.13057353775399358
560,107458,-192.67404221737888,0,0.11772170894616314
561,107539,-76.06028331313681,1,0.04914141010061674
562,107789,-97.15195853613585,0,0.2546905106352669
563,107855,-69.25898744898147,1,0.0030110569001710915
564,108105,-156.15955147902278,0,0.12667393009161335
565,108355,-76.8141082477252,0,0.11340300961196896
566,108489,-118.13560856246767,1,0.049247480168544334
567,108739,-95.0435819920779,0,0.1856651046498614
568,108833,-88.94350895476316,1,0.013567723231915354
569,109083,-117.73010776477092,0,0.21069697174981641
570,109154,-76.11552876639955,1,0.048189291416493675
571,109404,-82.34997398836697,0,0.13343342243322684
572,109654,-103.57142579279713,0,0.0895454422680597
573,109715,-51.13896939305772,1,0.02373449716179143
574,109752,-25.921389742168266,1,0.04762595623465052
575,110002,-82.19835383082267,0,0.17020443010599315
576,110065,-73.98902754102107,1,0.013952323860442368
577,110315,-83.65036347815447,0,0.20525749201073348
578,110565,-147.42172818367797,0,0.12612377101767572
579,110815,-84.98409192841078,0,0.3471834752754856
580,111065,-155.30117961803938,0,0.11539755872928872
581,111156,-62.062797281621556,1,0.039111785350551743
582,111406,-170.3335118811288,0,0.26139221944083
583,111656,-86.31446122691327,0,0.17672444874687904
584,111742,-86.85835423882689,1,0.04929863723013326
585,111817,-53.254524090576496,1,0.04993038848225286
586,111971,-34.42464953055943,1,0.04909381267770658
587,112221,-116.01616878472379,0,0.09549051285509262
588,112471,-83.31288351271358,0,0.18996112648595062
589,112721,-110.07575703833933,0,0.1872704093001901
590,112806,-92.37374000760902,1,0.048059479852095716
591,113056,-112.66903828464257,0,0.19277942408552093
592,113306,-175.81653716058074,0,0.06589261115114992
593,113344,-66.53418826049352,1,0.048087167428793785
594,113594,-131.32231843912018,0,0.07512781964137218
595,113635,-25.868550316774403,1,0.02313181670949756
596,113700,-63.78162920194523,1,0.04893241518509562
597,113950,-96.02785462562657,0,0.12841867586770864
598,114200,-72.32708896241748,0,0.08715907706033764
599,114450,-164.49975223694733,0,0.22867353682784838
600,114700,-109.83930426760351,0,0.05378203034738788
601,114950,-140.54701838957033,0,0.09277438297370699
602,115200,-140.19730595542342,0,0.15991127065822625
603,115444,-66.70881006552926,1,0.04983383918126192
604,115582,-80.11615598533366,1,0.049541282180030906
605,115664,-57.92695569381911,1,0.025400266812755198
606,115718,-33.67296752685594,1,0.04911827530116173
607,115968,-207.554840065042,0,0.13492173583309994
608,116218,-147.54566603645242,0,0.07861410434726995
609,116468,-106.94642548817255,0,0.1536239830428995
610,116528,-38.58876564357857,1,0.03292761413780215
611,116778,-128.35859992161608,0,0.1485511327996884
612,117028,-122.90928191669052,0,0.11605481414744834
613,117278,-228.70523803730467,0,0.2036072242484993
614,117528,-132.63254171332235,0,0.19494020426307246
615,117778,-69.75112423596829,0,0.19020418344803564
616,118028,-120.18809342072002,0,0.23278793188383137
617,118278,-171.23165973033608,0,0.21584864947365276
618,118528,-113.74626562421942,0,0.21881313665405822
619,118778,-90.37501802350543,0,0.11401494599577157
620,119028,-99.13399926233403,0,0.16190152582489584
621,119278,-94.63262046783493,0,0.10446778550971117
622,119327,-45.691977775464245,1,0.04663544920745871
623,119386,-65.93626423125252,1,0.035080015602281085
624,119459,-95.98577528752507,1,0.049175698122836724
625,119709,-68.17037213977444,0,0.16250504947589625
626,119959,-80.0453774518695,0,0.20687154585198556
627,120029,-74.10301242203046,1,0.046031013944928215
628,120279,-118.32159695741869,0,0.19749135256618483
629,120318,-23.307917942494605,1,0.012385862652245384
630,120415,-67.13087151009017,1,0.04404949246199457
631,120665,-94.7572113268288,0,0.09623674641135192
632,120915,-86.4154540359966,0,0.13339682482207982
633,121030,-96.74796339342181,1,0.04968423872854495
634,121098,-56.879566449188204,1,0.045656584310575954
635,121348,-196.28910817964663,0,0.28448695200739893
636,121598,-118.7898353512427,0,0.3015855861732474
637,121848,-154.5848319822616,0,0.14053691940535465
638,122098,-111.01288838461002,0,0.14738892443469415
639,122292,-136.1729905501341,1,0.04654906600216861
640,122400,-152.9094827257825,1,0.036823225285185064
641,122650,-75.84767836745908,0,0.13114404680174013
642,122739,-27.289259454182293,1,0.04981537845245128
643,122989,-175.05792098518793,0,0.19384641157969143
644,123239,-172.37386688484523,0,0.16170363835051937
645,123281,-18.917966582718567,1,0.02202093582477502
646,123467,-139.40893375693582,1,0.04975750850624623
647,123507,-22.649135752363605,1,0.01636031996463825
648,123757,-153.15114622970657,0,0.2587275216523436
649,124007,-103.96026070841846,0,0.07305126842099467
650,124076,-89.25191629720653,1,0.03605562929481352
651,124326,-117.57989450525078,0,0.11390400856855273
652,124391,-92.41546469222939,1,0.04380645596699772
653,124416,-7.837603073775298,1,0.049588939482968226
654,124489,-86.87638544240521,1,0.048291833661482986
655,124739,-105.88798463859959,0,0.14640138841640413
656,124801,-68.78629260955621,1,0.018398461740573073
657,124992,-66.5370730068937,1,0.049935478377784635
658,125242,-66.55973634529744,0,0.13427832440048884
659,125309,-69.95532498552429,1,0.010621408309537717
660,125559,-74.0055709945077,0,0.23516768655658354
661,125727,-41.716577929907274,1,0.047498729934168274
662,125977,-203.84321458006613,0,0.2099979185126191
663,126012,-4.751950585949507,1,0.047548223971753074
664,126262,-210.46079090289538,0,0.23311277925713292
665,126512,-180.8385819957326,0,0.1996667202558379
666,126573,-34.08597053080135,1,0.0445317671376583
667,126823,-128.616390985079,0,0.3532710130184395
668,126908,-90.17380298446542,1,0.03780472810358104
669,126980,-51.80965542820471,1,0.043996888754055184
670,127044,-58.66659076296637,1,0.04260512662035066
671,127294,-105.92383944086059,0,0.20920898656005743
672,127544,-145.80729475582712,0,0.21935177479248785
673,127794,-123.41770260785545,0,0.17991075172257626
674,127870,-56.87745112412086,1,0.04921202287261527
675,127915,-27.99783421595433,1,0.017820642237346255
676,128165,-226.3586718830697,0,0.3066854495466494
677,128229,-59.786544759439515,1,0.009440202782046703
678,128289,-61.78641367971249,1,0.021284995097951113
679,128358,-44.20935636686959,1,0.0490026715344052
680,128525,-106.62833464278494,1,0.04866089823688632
681,128775,-140.76037372458393,0,0.19287506537739588
682,129025,-102.36732864943826,0,0.18200479578693243
683,129275,-101.89437419477454,0,0.16102449297027147
684,129525,-86.88160695306159,0,0.213622485486163
685,129775,-150.4831169086023,0,0.1890648893707624
686,129837,-66.5114556492884,1,0.047497035407850476
687,129891,-75.03608160418437,1,0.04248709454263879
688,129939,-52.21504218715063,1,0.02694659360658231
689,129999,-45.97667237666026,1,0.048737774402859986
690,130060,-51.94145193696637,1,0.023720301200958874
691,130123,-88.659215288817,1,0.032453042896489266
692,130373,-106.3716963922372,0,0.0975388178236269
693,130443,-20.502034289584937,1,0.049880715553509064
694,130553,-96.66536540888494,1,0.049617992438406304
695,130621,-89.09571660401699,1,0.018832345113409418
696,130659,-30.512438203159043,1,0.04699070683676871
697,130909,-107.40353303711528,0,0.21969876070722402
698,130975,-101.84805417733145,1,0.04646239904766852
699,131225,-127.89737082418065,0,0.2182889228515495
700,131289,-59.099480866866514,1,0.025647003998276383
701,131366,-69.75527091048116,1,0.04926715508581316
702,131616,-127.63111796708887,0,0.29103848491179946
703,131866,-103.6594378700486,0,0.15193817063320514
704,131918,-19.0251958411682,1,0.04938399573016322
705,131987,-88.06943995167018,1,0.029057889797836564
706,132048,-71.51217378665996,1,0.04491227758905898
707,132298,-113.01427634871887,0,0.10069307205032794
708,132355,-46.20583645999328,1,0.0060127720982834825
709,132605,-113.24385569369072,0,0.3267716706384661
710,132855,-109.31957402940127,0,0.160771322852666
711,132969,-78.61308524404402,1,0.048946278032295024
712,133050,-53.70864223690688,1,0.04818134581888454
713,133300,-66.45057370817251,0,0.19300442279507304
714,133550,-213.84672132257435,0,0.27886084413061657
715,133800,-117.20502784546538,0,0.0647550271164727
716,133892,-93.74889916063407,1,0.04982598563892864
717,134142,-176.4783454888351,0,0.10050994734921437
718,134392,-80.11109994492206,0,0.09861728195515938
719,134485,-133.75394004435694,1,0.04863444921502142
720,134735,-103.10878856579376,0,0.259368825949491
721,134815,-71.39580248093044,1,0.04164564960008282
722,135065,-82.12747087537353,0,0.09412771878901774
723,135315,-83.51484647780512,0,0.15467761383715625
724,135362,-34.592996361185996,1,0.049226074556726555
725,135420,-77.4098129444185,1,0.025900424817343524
726,135670,-118.53394974760694,0,0.2493721170273487
727,135731,-82.99651692245612,1,0.04776427526172253
728,135981,-80.35411703715161,0,0.3097342473854157
729,136035,-37.29005436253413,1,0.04722105676604666
730,136285,-74.8356251820694,0,0.13834971517913028
731,136535,-149.91280697146897,0,0.2844715808413642
732,136590,-112.7864404444043,1,0.0423719111638543
733,136704,-103.00085332911664,1,0.049146718953561284
734,136954,-121.51410673351772,0,0.1788447144815224
735,137026,-86.12778859595221,1,0.04582788328256566
736,137079,-58.74741062790551,1,0.049514130087827214
737,137112,-16.832589804694585,1,0.04978873088089381
738,137362,-69.22338592277623,0,0.12807451371967754
739,137431,-70.59800978141676,1,0.017446572517810715
740,137486,-68.24457219140677,1,0.046871053345424026
741,137589,-140.6086880057253,1,0.04712176533450528
742,137641,-43.80634715330829,1,0.04013680181553782
743,137759,-80.34197321189626,1,0.049633100060373025
744,137809,-70.79859959901744,1,0.04714411290184472
745,138059,-68.38615230633283,0,0.1737256739778138
746,138090,-8.22797231346654,1,0.024793745720866525
747,138340,-97.92597617791034,0,0.15852671348040495
748,138590,-212.36742826346395,0,0.293420243954172
749,138840,-86.74286133844004,0,0.13294869898885528
750,138911,-55.26260741217458,1,0.010890668268777591
751,138946,-24.229319825814812,1,0.003963504904171106
752,139196,-154.4928094528921,0,0.15934197406510625
753,139446,-120.67241681518641,0,0.24020584843405543
754,139696,-135.419657782589,0,0.2021680609074644
755,139946,-108.55734814024007,0,0.09528809915590107
756,140196,-99.31519259985511,0,0.18458950640908534
757,140446,-111.52616492132988,0,0.14834992753315115
758,140696,-52.5732532803945,0,0.07486778869486442
759,140736,-33.31447181381703,1,0.028211122801960756
760,140797,-67.27262024707426,1,0.03493553152972005
761,141047,-84.28178333844315,0,0.2779125790288933
762,141297,-70.34062475439272,0,0.08733816832276672
763,141512,-94.43787002922382,1,0.049920227289864186
764,141762,-54.406413584118795,0,0.06759552875133897
765,142012,-98.01477455649014,0,0.14901785686942326
766,142092,-47.29393392006631,1,0.04760000772001247
767,142342,-67.8207830284152,0,0.050078091782264265
768,142378,-24.54401763006163,1,0.04422879854982711
769,142628,-109.12212073148059,0,0.25466466131750437
770,142878,-148.6462134364926,0,0.17939506925166912
771,143128,-133.89563132556987,0,0.13556659979500915
772,143315,-105.64014483392131,1,0.04846748051297304
773,143565,-95.55529929824489,0,0.09276034207787917
774,143633,-73.74629986581442,1,0.030039431529188657
775,143883,-107.71615834837665,0,0.3844360697723701
776,144133,-167.1603396078749,0,0.2154461372605118
777,144383,-55.08822207309934,0,0.07704064844099617
778,144450,-43.774385732156276,1,0.04876946892883218
779,144700,-98.40203164022171,0,0.10205342891948697
780,144784,-66.34019565540927,1,0.0349891120401564
781,144819,-17.96412797170492,1,0.041050901360469516
782,145069,-110.88289879339892,0,0.18123719643132655
783,145319,-68.03444755695158,0,0.11981232106869766
784,145569,-202.66629824696238,0,0.2029128814000557
785,145659,-36.898931770333874,1,0.048038368619784624
786,145716,-36.77104248421048,1,0.04902456474781127
787,145966,-134.28269255306608,0,0.17004189363670402
788,146216,-111.92583242460874,0,0.17260797802625485
789,146466,-171.50976868306293,0,0.30726087475437397
790,146625,-124.88547224596859,1,0.04978880645148764
791,146875,-41.80633050953452,0,0.07549582713910097
792,147125,-199.02496307696578,0,0.2980688296166163
793,147166,-27.307129466205215,1,0.04901549861981667
794,147416,-79.92287729597298,0,0.09445055351714259
795,147666,-122.80004573721916,0,0.1970399642627025
796,147739,-66.15282351704712,1,0.030977070442371187
797,147989,-108.59562644023377,0,0.19297995049162386
798,148239,-59.05371460428499,0,0.05454216675493936
799,148489,-169.7697303463274,0,0.19788196602127134
800,148739,-112.44945284408288,0,0.14158293213184447
801,148989,-140.9599635752721,0,0.1736634167715511
802,149239,-62.2471637189251,0,0.12818372242138745
803,149489,-173.06707257260885,0,0.15089173789934018
804,149600,-65.5584309944746,1,0.04854664705373903
805,149687,-79.05410915620394,1,0.04992898131435471
806,149740,-47.48535832613997,1,0.02854758876173386
807,149990,-151.04824871119024,0,0.4497057603071911
808,150135,-49.3379231802273,1,0.04987143085601416
809,150385,-80.16301325449241,0,0.11563915242753528
810,150635,-76.21043143745408,0,0.12139074595881445
811,150885,-77.27301052142263,0,0.13407393781910093
812,150961,-32.92021768633637,1,0.04874520314975385
813,151211,-60.348990866073514,0,0.062167906439151224
814,151269,-68.88669865054953,1,0.03583783979652166
815,151519,-140.11220615056766,0,0.06755059818747142
816,151769,-110.21293951515604,0,0.23536180378488006
817,152019,-61.89200771674989,0,0.11969409135859081
818,152269,-198.37679996731163,0,0.27322395083898704
819,152519,-215.78518175702845,0,0.18127472086385954
820,152566,-31.116411615302294,1,0.013212475903592879
821,152627,-60.01861137384849,1,0.040830113500155814
822,152666,-18.79012535613994,1,0.02794050334215149
823,152702,-20.502479389984188,1,0.008921687434755885
824,152952,-87.79494232929505,0,0.2042358282111629
825,153202,-99.86296060964594,0,0.23774473651349948
826,153318,-23.79569020535054,1,0.04843926977304542
827,153568,-88.5404014695257,0,0.16574793939996885
828,153624,-40.971683533765464,1,0.04858012479288259
829,153687,-63.997352969030224,1,0.048238460156523555
830,153937,-118.76370674940988,0,0.09021476017733084
831,154187,-70.61478496975477,0,0.0673666717961113
832,154437,-77.02651739141339,0,0.1289181866888283
833,154687,-74.47981121649306,0,0.1219597092200385
834,154878,-81.33652445561064,1,0.04639616952451241
835,155128,-142.7587591753478,0,0.18600110392670632
836,155202,-30.88671265832349,1,0.04573504010538892
837,155452,-61.10592017542196,0,0.05981621504667407
838,155510,-46.94256547846045,1,0.023847565393896288
839,155760,-95.55042941714062,0,0.06319997373853058
840,156010,-122.54525541366083,0,0.23867736766654538
841,156260,-109.30376483894626,0,0.1532744870699534
842,156510,-120.37608599812377,0,0.17725457994081348
843,156563,-56.20392032902774,1,0.03368858798612075
844,156623,-66.90120144761767,1,0.028257005665110295
845,156698,-52.87608637376976,1,0.04881363545412668
846,156772,-48.462622635247016,1,0.048707189836034
847,156835,-58.09742933007958,1,0.045371660033112965
848,157085,-76.73645057967431,0,0.10197398075320616
849,157335,-124.45080045893224,0,0.11949459843054493
850,157585,-187.71723295961388,0,0.20212889492197278
851,157626,-23.47430728728957,1,0.04639541470976336
852,157876,-84.95898426604282,0,0.07784357979029499
853,158126,-137.18968780003812,0,0.16309276766097258
854,158376,-70.1426166712959,0,0.10478177864580208
855,158626,-90.39566866114133,0,0.1898537928909718
856,158681,-30.694844711382245,1,0.04965766315560352
857,158748,-76.12605130325454,1,0.0496223336466907
858,158998,-135.20578701885626,0,0.07633920290141236
859,159059,-32.98628944638177,1,0.021502186818187028
860,159309,-115.72897024689632,0,0.09120878396644545
861,159390,-109.25216602619645,1,0.04851422708173301
862,159477,-121.54101264207428,1,0.04813940557108373
863,159547,-79.05555145028066,1,0.01905005030653568
864,159577,-18.978129153290592,1,0.04100687382371635
865,159827,-116.43132970084395,0,0.14132676636711178
866,159898,-32.95416811040551,1,0.0472841566564841
867,160148,-111.38341138269583,0,0.1870280341208588
868,160398,-71.76957431632053,0,0.1325837119530388
869,160465,-83.35874410085803,1,0.04286168781132073
870,160715,-76.17582735958108,0,0.16141223728471352
871,160813,-55.908049009701585,1,0.048997441213388664
872,160885,-38.68921442494096,1,0.04843585857570874
873,161135,-76.39546050441501,0,0.11694715431399406
874,161267,-22.609764081734593,1,0.04796820090981035
875,161322,-100.51839792314814,1,0.03987037353738057
876,161356,-4.217886903771211,1,0.049362354881378884
877,161390,-10.256202491705647,1,0.032717406818190714
878,161640,-63.00413542414502,0,0.14491993101713221
879,161718,-44.254736045928766,1,0.04983771275463249
880,161968,-167.01465276040543,0,0.20241034068787733
881,162218,-69.23047961857156,0,0.11773397312556157
882,162468,-77.86227024901628,0,0.10922453280517669
883,162568,-77.5953090609413,1,0.048274432902787094
884,162818,-150.94323048042634,0,0.1635152527730825
885,162855,-11.435699231549634,1,0.042687345726820994
886,162960,-126.82577547077432,1,0.03662932509051203
887,163210,-89.92646709676495,0,0.08268111819371952
888,163260,-34.730406562593146,1,0.022609415936176304
889,163311,-26.445151751508078,1,0.04543975227162722
890,163561,-69.16258607220144,0,0.09955077099094597
891,163811,-196.12354498027472,0,0.11582246856382909
892,163886,-110.09754560737098,1,0.02621688446955063
893,163930,-31.463822937011628,1,0.04501371135258842
894,163958,-7.353252548774785,1,0.005927303685662136
895,164071,-17.256593851161107,1,0.04952161222204654
896,164136,-53.19387555220658,1,0.03825374880261266
897,164182,-48.60584695944157,1,0.029125707582764334
898,164224,-34.45388085096165,1,0.032909992967593005
899,164474,-142.96084148083168,0,0.12343207432906712
900,164535,-61.340069693295604,1,0.0424785877849341
901,164785,-98.90982684562036,0,0.12891149287340983
902,165035,-97.46696186554972,0,0.20753126991730697
903,165095,-35.17739612158377,1,0.039665083537985875
904,165141,-27.356741754870967,1,0.00885754268761166
905,165391,-80.07087818690087,0,0.09291593308231663
906,165526,-59.347212045633874,1,0.0486494414777689
907,165600,-65.23448270330634,1,0.03432084762266972
908,165850,-110.58379735887355,0,0.158341483194054
909,165920,-77.0567187117206,1,0.030247162508615855
910,166022,-74.00327309924762,1,0.04897901286964724
911,166272,-147.0527538308383,0,0.1285535755571574
912,166522,-96.61403496550426,0,0.1082154172357156
913,166576,-36.64075529049816,1,0.04935383315567521
914,166707,-123.74920314004699,1,0.04804806047147509
915,166782,-48.45359067357826,1,0.04852209712351801
916,167032,-201.2471787814129,0,0.1642063056378656
917,167105,-118.39277162629503,1,0.0238431702789045
918,167355,-119.86728100561065,0,0.16219058587828575
919,167605,-101.91023897702001,0,0.12396809809600957
920,167669,-71.7921814508331,1,0.028555163989800996
921,167743,-92.5690476459974,1,0.049694332240651944
922,167993,-119.79483120481075,0,0.11532206910727687
923,168063,-99.77312922090807,1,0.011468967279643574
924,168106,-28.073508960072473,1,0.04728585431350505
925,168356,-150.65949389191098,0,0.09580772009168585
926,168432,-92.72323259371188,1,0.04882011126259462
927,168682,-83.28116144837568,0,0.08035734973830011
928,168755,-90.50051843245552,1,0.045420379440131324
929,169005,-64.23937180277073,0,0.07076412048113198
930,169252,-86.41072832500902,1,0.04878655266654038
931,169502,-108.96967993262867,0,0.10914337557564843
932,169752,-150.36844408989612,0,0.21779533408664103
933,170002,-118.44222340545289,0,0.09645805835816118
934,170068,-69.77195177560361,1,0.048143709673713474
935,170098,-11.160360463813463,1,0.03676265786497222
936,170135,-14.480786941788892,1,0.0451961607257556
937,170204,-65.74210241947836,1,0.03476544139164415
938,170454,-99.97790504317932,0,0.16124723377125014
939,170511,-32.63494034000008,1,0.04475640806741213
940,170631,-80.65143912005323,1,0.046384812413695395
941,170685,-47.77935954800118,1,0.04867319273787705
942,170745,-40.59868877587882,1,0.04941484069372724
943,170799,-31.584815966986557,1,0.02809988166918648
944,170850,-20.446589505032634,1,0.04902450976820643
945,171100,-124.63530036356389,0,0.29507289320943664
946,171148,-29.329911968779115,1,0.04977833918424642
947,171205,-79.15792122441371,1,0.04916490744439912
948,171251,-30.581549301295496,1,0.044456275347631774
949,171501,-105.50385252376924,0,0.1959712641952581
950,171751,-79.91556138805961,0,0.15832953771463
951,171849,-23.341200125730367,1,0.033219613696736656
952,172099,-182.75374119592354,0,0.10931896309107428
953,172228,-107.10976688863721,1,0.04133728994943192
954,172478,-122.59485439691697,0,0.06479585739877668
955,172555,-109.9557315742463,1,0.0287053029660538
956,172805,-121.85787268179988,0,0.0827261811937002
957,173055,-101.96135305376922,0,0.1468789296933643
958,173305,-129.91554820647073,0,0.18890387874397116
959,173488,-94.08329171677083,1,0.04784969723914182
960,173738,-123.99346719423919,0,0.10289154052333781
961,173988,-238.56814902773655,0,0.7364441848532348
962,174053,-50.432334060453314,1,0.04736714285609104
963,174083,-2.4406227552508533,1,0.03979114295308766
964,174333,-140.5051898836555,0,0.2528541158594175
965,174583,-100.28224629397651,0,0.0804888817373561
966,174833,-127.8447905541178,0,0.1869510654961851
967,174933,-95.76778138579893,1,0.04961282602128609
968,175183,-98.33221556803682,0,0.12865967424196878
969,175433,-158.09318654130726,0,0.1548695395983769
970,175509,-57.3535403567885,1,0.04447321390678573
971,175759,-180.76525912490843,0,0.2719466561451031
972,176009,-128.85373287162184,0,0.1333701503809763
973,176060,-53.04811134877734,1,0.0431140760274463
974,176119,-83.60086173989627,1,0.044693976795670255
975,176369,-127.15712536988309,0,0.12177514536848895
976,176433,-99.19372981921842,1,0.02988410289578356
977,176511,-52.80772495866077,1,0.04768668169365705
978,176761,-80.6409789474068,0,0.24132886473981713
979,177011,-138.84107330970815,0,0.1658248575031302
980,177261,-63.299297167296686,0,0.08159463189049362
981,177350,-97.82952134861989,1,0.049580104932563936
982,177384,-22.732892786328136,1,0.04687493539195174
983,177437,-24.161073760810357,1,0.049898152308326886
984,177497,-86.97532279558757,1,0.011021369534204552
985,177563,-70.71107394592686,1,0.04077997582167616
986,177813,-150.10160747276953,0,0.24976267710491598
987,177900,-105.66943283981054,1,0.04852488514217431
988,177965,-90.2694999133259,1,0.04785086358417225
989,178215,-62.5322341215483,0,0.1751346045729684
990,178465,-128.74628149122717,0,0.3329144061158062
991,178545,-76.71572087764402,1,0.04876826412102566
992,178795,-81.83022351047659,0,0.09877981734067355
993,179045,-105.66826696526418,0,0.24708522166539804
994,179114,-58.27850304372676,1,0.046417402379675315
995,179209,-134.751396165663,1,0.04789961507036285
996,179272,-84.2263253921985,1,0.0019326589969508791
997,179522,-171.2195161447902,0,0.0925006888981405
998,179579,-73.21805369798092,1,0.0448188539266858
999,179829,-182.6590144405181,0,0.15909317633445663
1000,180079,-90.69078330610293,0,0.08350699007705946
1001,180145,-80.71084103025915,1,0.029894304410387852
1002,180281,-67.60651717517693,1,0.045579660303930986
1003,180342,-43.54190838910895,1,0.016317079064695986
1004,180386,-35.58900725639222,1,0.04835188099432273
1005,180591,-72.14436721771382,1,0.04985944652867205
1006,180841,-54.55873611272402,0,0.07615864440405949
1007,181091,-109.05719291406251,0,0.15757286818057348
1008,181152,-118.07322400767791,1,0.02772894564839344
1009,181224,-103.31007650098195,1,0.021064076020380438
1010,181474,-80.55846243156574,0,0.1287392578641511
1011,181558,-88.41027694331414,1,0.04911116039312285
1012,181669,-22.0891242570901,1,0.04961950936223163
1013,181760,-140.1300559579616,1,0.005476646679175883
1014,181870,-45.91598264010376,1,0.04804221069580204
1015,182120,-131.43214654767365,0,0.14410760599363176
1016,182193,-79.08095072414136,1,0.038222702693635265
1017,182279,-101.72605869629876,1,0.038420045943598345
1018,182327,-28.685852777988707,1,0.04713319768767315
1019,182577,-77.78817315464106,0,0.15753485494795091
1020,182644,-34.484994161877935,1,0.031791343391298486
1021,182894,-97.57295820959983,0,0.13211987048481297
1022,183144,-107.6737249478542,0,0.17409098388049013
1023,183195,-49.597980174792305,1,0.04826356464551866
1024,183445,-55.25050177793617,0,0.08901305660645836
1025,183695,-133.2763932769057,0,0.07731158120645074
1026,183752,-66.07789908537545,1,0.02514992298302905
1027,184002,-141.00027192367432,0,0.13461034244824455
1028,184104,-51.79213914652109,1,0.04980856728547273
1029,184143,-15.646715822825982,1,0.04665720497524332
1030,184239,-67.55354283204709,1,0.048669357967181075
1031,184489,-84.58836595558465,0,0.17966186008736468
1032,184739,-85.49614244843924,0,0.11427368423726665
1033,184989,-148.01796698854648,0,0.11634679054190421
1034,185239,-108.53691402356776,0,0.2975256172847007
1035,185334,-88.36637386551834,1,0.049027138089884924
1036,185584,-147.3726067808256,0,0.3114034150037727
1037,185648,-69.7752733855242,1,0.03693152053847519
1038,185771,-177.01952573614966,1,0.008206432930176125
1039,186021,-151.6106822712455,0,0.10562279334188397
1040,186271,-88.86147977521108,0,0.09819405719368467
1041,186341,-81.47304400957705,1,0.014523260455826564
1042,186591,-73.04663941979895,0,0.12920838285956115
1043,186679,-89.35453349414345,1,0.048520329055273495
1044,186929,-77.885004492186,0,0.10321460071473787
1045,187179,-85.08021094723486,0,0.1385020625750943
1046,187429,-82.42525398623738,0,0.18801863644776046
1047,187462,-13.42632151264302,1,0.021406689139246315
1048,187513,-36.638158677891326,1,0.03404021133081763
1049,187727,-60.90893583789612,1,0.04906508867427507
1050,187977,-65.35423046929759,0,0.06578769343222075
1051,188035,-80.24864276311068,1,0.02059468960324924
1052,188285,-198.8579136852662,0,0.2482761148486099
1053,188521,-47.879567503471634,1,0.049839797075264466
1054,188771,-130.3233342265873,0,0.1432454974268525
1055,188824,-88.80314903429431,1,0.03963206240873893
1056,189074,-80.18341398591623,0,0.07944245338468608
1057,189324,-106.76712778797129,0,0.20784629267814533
1058,189574,-97.87710085106865,0,0.08118369298519326
1059,189824,-66.43048830007241,0,0.20655345226949529
1060,189902,-81.68815496210095,1,0.035082725884954834
1061,190152,-96.27086754234959,0,0.31577755340964864
1062,190402,-104.42807744049567,0,0.09053786606884488
1063,190466,-73.15013240272393,1,0.013979841150977031
1064,190570,-92.15752917890082,1,0.04928071620513514
1065,190616,-35.54395398880037,1,0.04975764699952934
1066,190672,-37.9761043641298,1,0.02437066801649302
1067,190725,-34.323962417695064,1,0.049413013463835656
1068,190791,-59.36907941498313,1,0.04593521827056491
1069,191041,-211.69972279103794,0,0.16336780672372767
1070,191291,-147.77177121057397,0,0.4328362081654818
1071,191373,-59.84142959681158,1,0.03616228426932122
1072,191623,-103.55269412427963,0,0.35235738284572504
1073,191668,-20.344533616581053,1,0.04870574060344927
1074,191918,-66.7177321210975,0,0.12420082588985992
1075,192013,-98.89063031862388,1,0.047363908410670126
1076,192263,-83.36823886777745,0,0.15289773732986472
1077,192513,-78.36238396558906,0,0.05490696932547855
1078,192763,-64.9067256635314,0,0.09967056834617845
1079,193013,-139.9286540350446,0,0.19574108501340948
1080,193263,-80.99018207226582,0,0.0574040833666461
1081,193322,-37.99718319619371,1,0.048453168271541
1082,193365,-15.783260108092957,1,0.03523949690172704
1083,193615,-76.27274973539029,0,0.14491448388714306
1084,193647,-29.97579620247062,1,0.02316537231822255
1085,193897,-155.1335286205494,0,0.23848117742467606
1086,194147,-74.20701676460266,0,0.09336852950418217
1087,194190,-10.745769482831088,1,0.0490855493302757
1088,194330,-59.28228211820669,1,0.04587138143862235
1089,194580,-61.458959823023235,0,0.08097271960112665
1090,194646,-68.03325540039843,1,0.01792184818764099
1091,194896,-96.49430110277905,0,0.08628106220656465
1092,194932,-12.738202430966334,1,0.04320719657961887
1093,194986,-69.80398974424268,1,0.04105484874951697
1094,195059,-77.03011943854413,1,0.04709352899614298
1095,195309,-70.68188853443168,0,0.13753411958435507
1096,195411,-31.392799290322984,1,0.0478660819267688
1097,195661,-120.82348216188622,0,0.15758639403779381
1098,195703,-23.870435546546915,1,0.024896239445174453
1099,195746,-26.991957581520985,1,0.04569047810858074
1100,195996,-61.061572695817866,0,0.14090480331062186
1101,196246,-185.22793341139268,0,0.10553599847192345
1102,196297,-34.85991373012384,1,0.024099517936184974
1103,196547,-95.51819268640322,0,0.07965564094887169
1104,196797,-106.69091761770547,0,0.25169859527058286
1105,196832,-19.792357924183065,1,0.04622132405775397
1106,197082,-77.8282975333722,0,0.08916015951800836
1107,197332,-127.72658576759432,0,0.08937395394591527
1108,197400,-58.63520973222698,1,0.017295808815043823
1109,197482,-44.82613357779341,1,0.042541379858261265
1110,197578,-141.84806130155133,1,0.04367357080136741
1111,197644,-96.67515827157028,1,0.04488009739579488
1112,197679,-10.789978393625002,1,0.047612849596231875
1113,197760,-45.40576191994123,1,0.04941488436743363
1114,198010,-85.26492717806877,0,0.1543294310676965
1115,198072,-33.68394098081383,1,0.048883838500370765
1116,198322,-95.79806844952198,0,0.221222607339333
1117,198572,-145.65124549415904,0,0.22276021272900587
1118,198625,-38.87670397139966,1,0.04789470748099093
1119,198875,-77.70362131717752,0,0.132521603907288
1120,199125,-203.685624617548,0,0.34022782707610233
1121,199375,-62.53114955168362,0,0.09113382183980616
1122,199440,-53.747104243056945,1,0.04737782054336703
1123,199531,-36.27106723315151,1,0.04854024678146009
1124,199572,-24.07118769617179,1,0.04495342790647041
1125,199642,-62.49258703999833,1,0.037843315679433574
1126,199892,-93.15083195769795,0,0.09617710174914404
