seed,target_x,target_y,success,steps,reward,distance
1000,0.22056394930972237,-1.4806459072764662,1,56,-43.97041651908461,0.04024208049575694
1001,-0.5714790392636309,0.24430010218635062,1,51,-53.12065698478911,0.042969900008323035
1002,1.0813811815920502,-1.2561623409583844,1,45,-15.437999787223724,0.041072329741484
1003,-0.325687420206901,-0.6557165804885037,1,61,-82.74548632769287,0.049346433830500774
1004,-0.054550221398270156,-1.2831162621456589,1,57,-49.75411414781536,0.0454281126757562
1005,-0.48301369627887514,-1.6069473762040016,1,57,-51.79809522127151,0.036740611959150994
1006,0.05253986799195191,1.5709064928615695,1,50,-44.89505256445759,0.044341950299446896
1007,1.505852576497831,-0.12910169266731814,1,41,-5.9163030297264445,0.04105418897357887
1008,-0.08840731407113044,-0.6900210931447357,1,55,-45.88649009198178,0.047768814657356835
1009,-1.3357254745218767,-0.9882245214672738,1,66,-110.59919436561212,0.045783070436587026
1010,-0.40690573043495454,0.6765430552843429,1,48,-41.85557167648931,0.046995621563129565
1011,0.36129643080973234,-0.33141449901322967,1,54,-46.32884850280667,0.049212504402585185
1012,-0.12287854361731519,-1.39699360886907,1,57,-53.08311559939198,0.04503326521626276
1013,-0.7755939428960615,-0.7726252862889703,1,61,-81.26778348441752,0.047565632875724705
1014,1.4079216098840612,-0.2818978768097648,1,42,-12.40156107279076,0.045995845348197756
1015,-0.3975418876142139,-0.6753379099400098,1,63,-88.69100988681343,0.04683439589659821
1016,-0.8457457019009655,-0.33857896501619844,1,54,-63.10455556119539,0.04559755228527201
1017,-0.5077687558853916,0.6728804700598507,1,49,-44.49985804548647,0.046183854371702075
1018,0.8210247443202091,1.2497830254806805,1,43,-22.825304418819016,0.047556184148351756
1019,1.3008093715015392,-0.26068956978481617,1,43,-10.843411042123561,0.04651016694460533
1020,0.254377571219982,1.5662054099890903,1,48,-36.06795099044602,0.0450570665879452
1021,-1.1708719784432213,-0.8862312782496372,1,65,-98.7283420013243,0.04610908075680836
1022,-0.4969256701791106,0.8197678899444912,1,49,-44.33238293455146,0.04648271284113373
1023,-0.3142742019967599,-0.8813843507770415,1,58,-55.629792605985024,0.04748873452135705
1024,1.393241453448897,-0.6673906348845635,1,45,-19.60782777210916,0.04536914771896592
1025,-0.2668421651052068,0.6964937106856768,1,48,-44.090699493895656,0.04548341185231078
1026,1.3563622291145818,-0.494620679952637,1,43,-10.18450668061715,0.041608954520832214
1027,0.613405329883678,0.9270960675420297,1,40,-24.45188625818664,0.047505965139367806
1028,0.2633220060292118,-1.053078874435787,1,54,-61.08096075089801,0.04686322121726483
1029,-0.7242049202295925,1.2484832099491354,1,52,-59.45185172231707,0.048512795785411955
1030,0.24516396558152168,1.118850293675833,1,47,-38.727124301876756,0.04848743833428302
1031,-0.2701444940524711,-0.6875641392846711,1,56,-51.516406152627056,0.047053954689837474
1032,1.0801555498309858,-0.21836169086780635,1,45,-15.636490623628067,0.04729154331391651
1033,1.053307140195865,0.4731650903550765,1,44,-16.421430672821508,0.0483735500783947
1034,-1.3693669722127864,0.8846724885186121,1,56,-83.03661058812239,0.046762014022753914
1035,0.7240708602549007,-1.2423041004087776,1,55,-40.67155539491318,0.04065346878351479
1036,1.1422137496369515,0.1657267820389289,1,43,-12.531395795785176,0.046826711533913656
1037,-0.23659770906039415,0.9896944717609805,1,44,-29.165025752027923,0.04806501450626463
1038,1.0494349177318367,-0.6163286022454795,1,48,-26.043749665788845,0.048538577201648385
1039,0.6846961848185109,0.5555190978279683,1,46,-21.196006233721,0.045848017753993255
1040,1.0147769580669108,-0.667655777408583,1,49,-27.204773305384695,0.04793300513352327
1041,0.0904475741125118,1.3922390615201878,1,45,-27.354761811359324,0.046104488939109664
1042,-0.4431872208529224,0.6064828259549957,1,48,-41.07912503111912,0.04531862403157897
1043,-0.21135651565643504,0.6840625474817401,1,45,-33.080335210440325,0.04480078873747952
1044,1.0187460905957404,-0.13959303777554402,1,45,-18.147190862363786,0.04688023870445266
1045,0.23042370780312696,0.8764361254356136,1,43,-32.01687965518859,0.04882013708177997
1046,0.7336144650982416,0.2957416517909002,1,46,-21.14858884419788,0.04711834289907092
1047,-0.4748036123991554,1.3670281071686121,1,52,-52.96394280243679,0.04578650929888083
1048,-0.27033533405125587,0.5086190187352706,1,50,-47.873228903011594,0.040492213451966144
1049,1.2601572776214431,-0.20158251533239407,1,42,-10.87326624545751,0.04567839807795093
1050,-0.23782976211705853,0.6914136500791511,1,44,-34.65518147837382,0.04777077831714912
1051,0.5263609877690792,-1.0636154709934633,1,56,-46.48016017551816,0.046113411096375886
1052,0.8803147470610682,-0.4217031581410517,1,47,-23.873838676488838,0.049949621821785
1053,-1.3301207226780922,0.6686619650727929,1,54,-66.97930051020957,0.047693870428641774
1054,0.6901990072988188,-0.5225140049918957,1,53,-40.916854996195525,0.04962270449193658
1055,-0.6965334737034393,-0.7988662783312438,1,65,-101.75907229666443,0.047619639958178
1056,1.0277253066947951,0.18208351262814582,1,45,-17.645882467702634,0.04823342222195468
1057,0.13939663383190615,1.6259099674257897,1,47,-32.50400904463393,0.044919379212191114
1058,-0.03521821886761843,-1.6372138994059515,1,56,-44.779853991844135,0.03687051171917332
1059,1.4203321706398215,-0.6576433674471241,1,44,-13.154279164770337,0.03974598219138509
1060,0.4993167243123489,-1.499674236285373,1,54,-38.87709732301937,0.03968081055728663
1061,-0.17047816621975223,1.412623896078743,1,51,-50.47918973393918,0.04526728554282245
1062,-0.8013370024007493,-0.2802071974515846,1,54,-66.92637097187983,0.046367035183925626
1063,0.21945531203420357,0.6849998575881268,1,38,-26.178675191525713,0.048902778371428354
1064,-0.7198195636004485,1.1765832293946603,1,53,-59.818715406356425,0.045576135878383675
1065,0.7349910539698872,0.18478539660115048,1,46,-21.221730955164503,0.0483606348338043
1066,-0.3075595916596769,1.0111460048286618,1,47,-37.51067562406527,0.04986468452801252
1067,-0.24342967635489737,-1.5230409092816306,1,59,-60.638548798382615,0.038582279124043876
1068,1.203952441137474,-0.38882631889937225,1,45,-18.369622019404957,0.04693285132806806
1069,0.3298463389028397,0.8602625972958736,1,38,-25.597954707036966,0.04846364613874274
1070,-0.7898876391206304,-0.5751049809168929,1,62,-76.84854315154286,0.04733207201747663
1071,-0.3362943521563651,1.1006325066020253,1,51,-49.75762343812934,0.04563140002820912
1072,-0.17035748997014216,1.3904323443525892,1,50,-46.37516879772779,0.047793408973044016
1073,0.7911149701058412,0.45460619417503906,1,46,-21.596849029211082,0.04808579641046412
1074,0.8997780888174013,0.033529835674645125,1,46,-20.756322796064886,0.0497693338793158
1075,-1.269336265178051,-0.9939704428330056,1,67,-127.74916348721825,0.04806958884322449
1076,0.1282368955799047,0.6713462569506055,1,38,-26.408065452081676,0.047371077599986045
1077,-1.1356653336993319,-1.1759516404774883,1,69,-121.56346276684219,0.0388925649992082
1078,1.321817658586988,-0.500346169196476,1,44,-11.158862986551412,0.0404373521982963
1079,1.1794353913256226,-0.3312577179293626,1,44,-14.159847976453602,0.04448946722032706
1080,-1.5362867789933463,-0.6846831539551297,1,70,-122.2292878528428,0.04901041694186796
1081,0.47341917638303993,1.1372074075240264,1,41,-24.792860215523714,0.04956303545090204
1082,0.496491518479917,-1.6423762737311223,1,51,-31.176848095955044,0.03894042060119698
1083,0.9228576571182542,-0.17627195793794598,1,46,-22.16953022628846,0.04907958643683488
1084,-0.2176559837152088,1.6869067461529377,1,54,-62.62820547333898,0.039311519815935496
1085,-1.078924149436052,-0.7662557163957073,1,63,-90.39255624008979,0.049239829891049136
1086,1.0860515792199505,-0.8075624176453319,1,44,-13.692974783502276,0.044593949277198196
1087,1.3948542170630545,0.08511170428318196,1,41,-7.973130361238933,0.04578794942035536
1088,-0.7829030423559125,0.920271706198034,1,51,-50.95954341766551,0.04977673577593174
1089,-0.18042263360181868,1.0187174047715961,1,47,-38.528202197120805,0.04843963219977138
1090,-1.4127540629522246,0.48443253980624323,1,55,-72.4389490089684,0.046336203090052736
1091,1.2707741743372765,0.41822012487221855,1,42,-11.389769389528627,0.04802657072990505
1092,-1.147304376509308,-0.9875018228402668,1,67,-103.17620207763582,0.048029707939474524
1093,0.4604528434649559,-1.639444619048104,1,54,-37.908691903663126,0.03561678389425014
1094,0.021046001369480153,-0.5945578410419975,1,54,-46.08572480666071,0.04336776479932228
1095,-0.5294391612023934,-0.6507836263846947,1,62,-73.33749358457825,0.04890528195422842
1096,0.13377049325296583,1.6854397234813667,1,51,-48.354467420875665,0.041352491628321414
1097,-0.7786743164517509,-0.27452113468429035,1,54,-61.855777202088284,0.04521954470379442
1098,-1.436746424386533,-0.48671867001549013,1,58,-91.49021646426273,0.04549801831152766
1099,0.2186309374880448,1.6358136853417515,1,46,-28.449411964134022,0.04541759077394665
