scenario,controller,seed,reward,steps,success,final_distance,max_speed,max_command_torque,fault_seen
nominal,computed_torque_zero_residual,1000,-105.62321449575889,70,True,0.04808988706246878,16.679966705148114,40.0,False
nominal,computed_torque_zero_residual,1001,-56.2510855793315,53,True,0.038157115269849246,20.01096068011904,40.0,False
nominal,computed_torque_zero_residual,1002,-28.941173322010187,50,True,0.04644617035113067,5.962652303137767,40.0,False
nominal,computed_torque_zero_residual,1003,-22.86836096179228,42,True,0.04649954350892703,7.759809763370745,40.0,False
nominal,computed_torque_zero_residual,1004,-64.60540513939411,55,True,0.041194805316581894,19.892341219663972,40.0,False
nominal,computed_torque_zero_residual,1005,-24.38763380595614,44,True,0.04721384573860804,6.801277202322165,40.0,False
nominal,computed_torque_zero_residual,1006,-106.55598728313636,67,True,0.045363029359761,17.884374595231556,40.0,False
nominal,computed_torque_zero_residual,1007,-45.27469129553797,49,True,0.0492929103658231,19.0322378847021,40.0,False
nominal,computed_torque_zero_residual,1008,-26.61563353669829,48,True,0.04819388822613255,6.442353214356517,40.0,False
nominal,computed_torque_zero_residual,1009,-31.357162514373268,40,True,0.037539824812231705,17.359165620392847,40.0,False
nominal,computed_torque_zero_residual,1010,-116.98786381705133,67,True,0.040368631161050134,20.550683147578106,40.0,False
nominal,computed_torque_zero_residual,1011,-21.70500548741869,46,True,0.04715002668735457,5.349120226373425,40.0,False
nominal,computed_torque_zero_residual,1012,-42.85320563108709,54,True,0.04901758358162029,7.133266656627358,40.0,False
nominal,computed_torque_zero_residual,1013,-42.50430635023747,50,True,0.03675431209246836,17.685290025988255,40.0,False
nominal,computed_torque_zero_residual,1014,-40.64053973146949,54,True,0.04793214173875358,7.223639649392123,40.0,False
nominal,computed_torque_zero_residual,1015,-46.02261562297436,49,True,0.04389951398343438,19.76156742835145,40.0,False
nominal,computed_torque_zero_residual,1016,-25.1902680164757,38,True,0.047031370140532686,11.430850589701997,40.0,False
nominal,computed_torque_zero_residual,1017,-52.39939305990277,52,True,0.0414946652031428,19.152990951354617,40.0,False
nominal,computed_torque_zero_residual,1018,-98.01701074661901,62,True,0.04914131046486491,18.398450164534744,40.0,False
nominal,computed_torque_zero_residual,1019,-39.444835915608124,54,True,0.04863268108777572,7.227745265182853,40.0,False
nominal,computed_torque_zero_residual,1020,-104.04247427443875,68,True,0.047851191624946506,17.941039356397905,40.0,False
nominal,computed_torque_zero_residual,1021,-34.896636813721344,50,True,0.04878321683668435,6.960672923280081,40.0,False
nominal,computed_torque_zero_residual,1022,-65.25277764303183,53,True,0.04679020167737079,20.536798800641485,40.0,False
nominal,computed_torque_zero_residual,1023,-51.68015197861055,57,True,0.04642885402138317,8.379510080432789,40.0,False
nominal,computed_torque_zero_residual,1024,-52.87127809649022,51,True,0.04903092163456819,18.118005296035836,40.0,False
nominal,computed_torque_zero_residual,1025,-4.344974552678789,39,True,0.04261783122167041,3.19019533245301,18.208406448364258,False
nominal,computed_torque_zero_residual,1026,-53.69001422400156,52,True,0.04625994528762724,17.852352129692846,40.0,False
nominal,computed_torque_zero_residual,1027,-13.46719123878229,43,True,0.0489733329346905,4.514746683250092,21.47962188720703,False
nominal,computed_torque_zero_residual,1028,-95.36988331308643,67,True,0.047596024637375764,16.442077538832724,40.0,False
nominal,computed_torque_zero_residual,1029,-51.40784794615697,57,True,0.039727588620511206,14.949800986978659,40.0,False
nominal,computed_torque_zero_residual,1030,-25.95968568099283,50,True,0.04483775931508203,5.909310477448019,40.0,False
nominal,computed_torque_zero_residual,1031,-51.891517127096705,54,True,0.047917729765428754,10.65441273105071,40.0,False
nominal,computed_torque_zero_residual,1032,-81.67598361965334,63,True,0.04741649016195115,17.745427546529115,40.0,False
nominal,computed_torque_zero_residual,1033,-58.950783501972836,58,True,0.048604318486421404,14.075467362285728,40.0,False
nominal,computed_torque_zero_residual,1034,-27.37253054433237,50,True,0.03944714939622797,6.090811040110203,40.0,False
nominal,computed_torque_zero_residual,1035,-53.48650197622167,54,True,0.04830666201445003,13.371435833523396,40.0,False
nominal,computed_torque_zero_residual,1036,-17.885491910728614,41,True,0.04801223697036665,6.089019020686753,40.0,False
nominal,computed_torque_zero_residual,1037,-63.41649619801108,53,True,0.04644702764432727,19.750770183269502,40.0,False
nominal,computed_torque_zero_residual,1038,-79.33841553779783,59,True,0.046616548056196014,16.407570695391726,40.0,False
nominal,computed_torque_zero_residual,1039,-102.24561015701788,67,True,0.047261970831809996,18.37473560737508,40.0,False
nominal,computed_torque_zero_residual,1040,-48.122676296482176,50,True,0.047752534858564594,18.467772617240076,40.0,False
nominal,computed_torque_zero_residual,1041,-59.94102389572704,59,True,0.04068731744411403,16.910477389508245,40.0,False
nominal,computed_torque_zero_residual,1042,-66.6465344604263,54,True,0.04339164137363288,19.983672336348185,40.0,False
nominal,computed_torque_zero_residual,1043,-5.826482741998616,41,True,0.037855558877561854,3.8462405587504787,24.107372283935547,False
nominal,computed_torque_zero_residual,1044,-15.422435865598857,44,True,0.04713119745016707,4.655441512048193,17.49336814880371,False
nominal,computed_torque_zero_residual,1045,-112.68811711819512,67,True,0.043342057740623996,20.46670130259846,40.0,False
nominal,computed_torque_zero_residual,1046,-43.22587493590679,55,True,0.04610117245942864,9.440965793112856,40.0,False
nominal,computed_torque_zero_residual,1047,-52.33805870411314,51,True,0.049618320359526354,16.281999886427126,40.0,False
nominal,computed_torque_zero_residual,1048,-69.45310033363883,54,True,0.047936634244871545,19.214257427786226,40.0,False
nominal,computed_torque_zero_residual,1049,-32.137547092185244,45,True,0.04967029906919678,15.207244714885384,40.0,False
nominal,computed_torque_zero_residual,1050,-23.53114766281405,49,True,0.0407323001361033,5.162247205177075,40.0,False
nominal,computed_torque_zero_residual,1051,-59.21160452470289,53,True,0.04801227198385455,17.349819910948394,40.0,False
nominal,computed_torque_zero_residual,1052,-49.017791426529,57,True,0.04688068025777799,9.419006718579007,40.0,False
nominal,computed_torque_zero_residual,1053,-6.7671580301528405,37,True,0.04924982850152523,2.118414526025061,40.0,False
nominal,computed_torque_zero_residual,1054,-56.515803553761316,52,True,0.04592529240267391,19.742880908647493,40.0,False
nominal,computed_torque_zero_residual,1055,-26.601114858067646,37,True,0.04159483782070727,14.799486405454163,40.0,False
nominal,computed_torque_zero_residual,1056,-58.29647273394374,58,True,0.049224953786595436,14.403964104667594,40.0,False
nominal,computed_torque_zero_residual,1057,-40.4133980017866,55,True,0.041546218708542394,8.294142214797686,40.0,False
nominal,computed_torque_zero_residual,1058,-49.714691385928745,50,True,0.044534180947815964,21.259361538765457,40.0,False
nominal,computed_torque_zero_residual,1059,-49.7102875316518,57,True,0.047622917451296605,10.531924727238163,40.0,False
nominal,computed_torque_zero_residual,1060,-23.45289074736104,44,True,0.04834690409755123,6.163926546475327,40.0,False
nominal,computed_torque_zero_residual,1061,-7.419918436762437,42,True,0.0408936393171565,4.059734707564018,19.2918643951416,False
nominal,computed_torque_zero_residual,1062,-44.22272128991437,53,True,0.03597280201908165,14.179722808371185,40.0,False
nominal,computed_torque_zero_residual,1063,-25.6310119634377,44,True,0.04886048944497749,11.586145200197128,40.0,False
nominal,computed_torque_zero_residual,1064,-34.878178828291716,47,True,0.04753063148447065,15.23488462677838,40.0,False
nominal,computed_torque_zero_residual,1065,-37.90034274821612,47,True,0.047890595052092505,17.722521998093523,40.0,False
nominal,computed_torque_zero_residual,1066,-5.182312314378924,40,True,0.03948111354305036,3.4876426889692427,19.563465118408203,False
nominal,computed_torque_zero_residual,1067,-28.257942722568174,48,True,0.049298472490080375,6.134115230430468,40.0,False
nominal,computed_torque_zero_residual,1068,-22.675797370259232,41,True,0.046226807652035365,11.247279029903865,40.0,False
nominal,computed_torque_zero_residual,1069,-55.155790808374476,58,True,0.043098292688929486,13.683948193474832,40.0,False
nominal,computed_torque_zero_residual,1070,-62.002792545462945,56,True,0.03802922083903381,16.069641108959825,40.0,False
nominal,computed_torque_zero_residual,1071,-108.65814283502182,64,True,0.04928772625537052,16.46384086507194,40.0,False
nominal,computed_torque_zero_residual,1072,-46.996413729700706,50,True,0.04907912399265022,16.486083364832357,40.0,False
nominal,computed_torque_zero_residual,1073,-96.61857325446233,66,True,0.04689151744138817,15.355051888991197,40.0,False
nominal,computed_torque_zero_residual,1074,-54.093586954371986,58,True,0.04629011508778269,12.87194579198236,40.0,False
nominal,computed_torque_zero_residual,1075,-45.87833891391381,51,True,0.04649883159216944,11.66824399165544,40.0,False
nominal,computed_torque_zero_residual,1076,-16.091911418630417,40,True,0.04820299588786022,6.170897796664884,40.0,False
nominal,computed_torque_zero_residual,1077,-28.401048075245882,48,True,0.047524775392545016,6.237574004108049,40.0,False
nominal,computed_torque_zero_residual,1078,-31.683083591273753,45,True,0.048642601652553824,14.937372143329842,40.0,False
nominal,computed_torque_zero_residual,1079,-18.1843220400369,40,True,0.0482584093518547,6.940661071288852,40.0,False
nominal,computed_torque_zero_residual,1080,-44.05688505155573,49,True,0.038056663663302716,20.210510530138,40.0,False
nominal,computed_torque_zero_residual,1081,-52.95185589249379,52,True,0.04724271081002586,15.950303238422796,40.0,False
nominal,computed_torque_zero_residual,1082,-53.16557799980573,55,True,0.0471196717366269,15.5011691300623,40.0,False
nominal,computed_torque_zero_residual,1083,-27.851381855688444,49,True,0.04949648449532727,6.392044756346923,40.0,False
nominal,computed_torque_zero_residual,1084,-14.860498011538763,40,True,0.047006635259588335,5.779747667386188,40.0,False
nominal,computed_torque_zero_residual,1085,-47.259057863701855,54,True,0.03647492132963874,16.38672518607413,40.0,False
nominal,computed_torque_zero_residual,1086,-43.96600238965892,55,True,0.047732987440651166,7.686573058740539,40.0,False
nominal,computed_torque_zero_residual,1087,-59.34138012320649,59,True,0.045799070603971044,15.066682157868776,40.0,False
nominal,computed_torque_zero_residual,1088,-5.267126948344419,39,True,0.04099907662227292,3.232499420050441,21.017911911010742,False
nominal,computed_torque_zero_residual,1089,-68.95322212174328,55,True,0.04569777561398541,17.27627677368598,40.0,False
nominal,computed_torque_zero_residual,1090,2.2677150013776917,34,True,0.030758484995162007,2.1004295180628514,21.391557693481445,False
nominal,computed_torque_zero_residual,1091,-15.200427189849554,44,True,0.04746287026428926,4.662145738763361,19.907222747802734,False
nominal,computed_torque_zero_residual,1092,-29.43396039148466,48,True,0.04866273409761699,6.206804946215404,26.07459259033203,False
nominal,computed_torque_zero_residual,1093,-19.920369356915046,46,True,0.045913698651674224,5.310940461893034,21.723176956176758,False
nominal,computed_torque_zero_residual,1094,-49.21992614949016,56,True,0.046653194647344805,12.766444100644078,40.0,False
nominal,computed_torque_zero_residual,1095,-27.301584605633536,48,True,0.046179529230718434,6.280575886084965,24.01052474975586,False
nominal,computed_torque_zero_residual,1096,-62.09597392047538,59,True,0.04204539164175226,17.1128008070253,40.0,False
nominal,computed_torque_zero_residual,1097,-33.3804583789204,49,True,0.04893118540554583,6.840165940015953,40.0,False
nominal,computed_torque_zero_residual,1098,-57.12907485753441,60,True,0.04233222936456265,17.001372507894033,40.0,False
nominal,computed_torque_zero_residual,1099,-13.410217901309865,42,True,0.048565004980901334,4.176167520972561,35.17583465576172,False
id_randomized,computed_torque_zero_residual,1000,-140.93732576913564,250,False,0.27036548355383644,11.565058309218788,40.0,False
id_randomized,computed_torque_zero_residual,1001,-36.11026449375968,50,True,0.038248763879576535,8.167645618657604,40.0,False
id_randomized,computed_torque_zero_residual,1002,-154.465909940544,250,False,0.21765501177323426,13.86575301268014,40.0,False
id_randomized,computed_torque_zero_residual,1003,-229.20246859783097,250,False,0.6345464942147796,11.12732367322159,40.0,False
id_randomized,computed_torque_zero_residual,1004,-149.30843960820047,250,False,0.417256164862482,6.104806809359796,37.307106018066406,False
id_randomized,computed_torque_zero_residual,1005,-303.05849051963673,250,False,1.0148309547038807,5.459404612860701,38.13308334350586,False
id_randomized,computed_torque_zero_residual,1006,-205.17590079695879,250,False,0.6315341485581447,5.798896314550688,40.0,False
id_randomized,computed_torque_zero_residual,1007,-245.88275658893608,250,False,0.7809964315643388,1.1292079917717044,40.0,False
id_randomized,computed_torque_zero_residual,1008,-256.9773422237823,250,False,0.7432525258683111,11.262464701882477,40.0,False
id_randomized,computed_torque_zero_residual,1009,-154.5640047534669,250,False,0.4541281258957201,6.585429144309373,40.0,False
id_randomized,computed_torque_zero_residual,1010,-149.3573770024226,250,False,0.2506577978315255,10.6652184725253,40.0,False
id_randomized,computed_torque_zero_residual,1011,-18.393280846621757,35,True,0.032237017255098796,7.272705695924547,40.0,False
id_randomized,computed_torque_zero_residual,1012,-92.47561850654711,250,False,0.17708538602716997,3.1383924002312864,40.0,False
id_randomized,computed_torque_zero_residual,1013,-201.60868852434896,250,False,0.32554228669634994,12.881763511508709,40.0,False
id_randomized,computed_torque_zero_residual,1014,-100.3557608777419,250,False,0.2534575341583901,4.75542074729053,34.585411071777344,False
id_randomized,computed_torque_zero_residual,1015,-43.486166395800296,58,True,0.04958510336154381,16.101240994753415,40.0,False
id_randomized,computed_torque_zero_residual,1016,-70.19679489895955,250,False,0.1351058972926415,2.9074731110658756,29.001907348632812,False
id_randomized,computed_torque_zero_residual,1017,-55.004770313511315,250,False,0.07579463985061569,8.108503975672981,40.0,False
id_randomized,computed_torque_zero_residual,1018,-167.74748832253908,250,False,0.5338151856503338,6.772906200883739,40.0,False
id_randomized,computed_torque_zero_residual,1019,-113.0729928885895,250,False,0.08621751750531535,14.484068607638799,40.0,False
id_randomized,computed_torque_zero_residual,1020,-90.5668896513433,250,False,0.050060787492287595,17.984832839410466,40.0,False
id_randomized,computed_torque_zero_residual,1021,-77.2609205914551,250,False,0.05586141662331498,15.630625368501759,40.0,False
id_randomized,computed_torque_zero_residual,1022,-130.26786281345827,250,False,0.1608001715698465,12.413515166139746,40.0,False
id_randomized,computed_torque_zero_residual,1023,-315.5366461490149,250,False,0.7667774012726323,18.09759388005525,40.0,False
id_randomized,computed_torque_zero_residual,1024,-137.2012270087914,250,False,0.35627067296578113,3.6923285195351223,40.0,False
id_randomized,computed_torque_zero_residual,1025,-113.2661709260764,250,False,0.1630432727672417,13.73860556216329,40.0,False
id_randomized,computed_torque_zero_residual,1026,-151.60351947434555,250,False,0.10190885118059294,16.92986026462118,40.0,False
id_randomized,computed_torque_zero_residual,1027,-244.11883393842837,250,False,0.6655951424809344,9.33755366026679,40.0,False
id_randomized,computed_torque_zero_residual,1028,-155.47752621872726,250,False,0.45463817972536286,6.301150455919636,40.0,False
id_randomized,computed_torque_zero_residual,1029,-71.50112601225561,250,False,0.07695630372473238,4.461792450440235,33.66016387939453,False
id_randomized,computed_torque_zero_residual,1030,-234.6478949348042,250,False,0.4515683775314389,20.04785071215458,40.0,False
id_randomized,computed_torque_zero_residual,1031,-141.45146099910724,250,False,0.25905450722073464,15.337614423365215,40.0,False
id_randomized,computed_torque_zero_residual,1032,-169.90703554774416,250,False,0.4946339942891844,6.6208095618223615,40.0,False
id_randomized,computed_torque_zero_residual,1033,-170.96429424640988,250,False,0.4672549722911421,7.031795781469935,40.0,False
id_randomized,computed_torque_zero_residual,1034,-247.9517684427427,250,False,0.6155355267818086,10.616545899886747,40.0,False
id_randomized,computed_torque_zero_residual,1035,-96.46748358956351,250,False,0.23544994707929168,6.647842834298956,40.0,False
id_randomized,computed_torque_zero_residual,1036,-149.76251073066643,250,False,0.3462650592821586,11.93099491928565,40.0,False
id_randomized,computed_torque_zero_residual,1037,-205.87961907789128,250,False,0.303986535466833,14.96681551003303,40.0,False
id_randomized,computed_torque_zero_residual,1038,-117.60691915379371,250,False,0.30872447176230744,6.652018261396782,40.0,False
id_randomized,computed_torque_zero_residual,1039,-155.4053866397542,250,False,0.4918568548301708,3.092184803422026,38.04356002807617,False
id_randomized,computed_torque_zero_residual,1040,-58.73057035769785,250,False,0.12319153347773598,2.7280038547951118,27.240877151489258,False
id_randomized,computed_torque_zero_residual,1041,-195.69108995324285,250,False,0.39381362300872796,14.841767346886229,40.0,False
id_randomized,computed_torque_zero_residual,1042,-73.72500218172551,67,True,0.03332758000778576,11.831407577313637,40.0,False
id_randomized,computed_torque_zero_residual,1043,-107.29451455450423,250,False,0.08810772569676611,14.383678562930719,40.0,False
id_randomized,computed_torque_zero_residual,1044,-83.92803098776082,250,False,0.1263174478302947,5.6350473451633,40.0,False
id_randomized,computed_torque_zero_residual,1045,-137.74058256576515,250,False,0.2501387582293371,11.274949888091072,40.0,False
id_randomized,computed_torque_zero_residual,1046,-187.1768428739084,250,False,0.21661837166013817,13.160479597339352,40.0,False
id_randomized,computed_torque_zero_residual,1047,-217.30280838014392,250,False,0.1761794747926721,11.590109416851657,40.0,False
id_randomized,computed_torque_zero_residual,1048,-259.1903181448457,250,False,0.6765937819297198,12.326398653704711,40.0,False
id_randomized,computed_torque_zero_residual,1049,-126.8551333870715,250,False,0.3053173957562055,10.511241682934706,40.0,False
id_randomized,computed_torque_zero_residual,1050,-90.2309818414041,250,False,0.1184115731844324,16.589869745120364,40.0,False
id_randomized,computed_torque_zero_residual,1051,-210.93299734437394,250,False,0.5256669117948216,14.871730045347432,40.0,False
id_randomized,computed_torque_zero_residual,1052,-210.63863280360673,250,False,0.5202913010485348,13.595074572058865,40.0,False
id_randomized,computed_torque_zero_residual,1053,-154.31524157883115,250,False,0.4095515340759731,4.455082669430382,40.0,False
id_randomized,computed_torque_zero_residual,1054,-100.64526812533362,250,False,0.26801607137874284,3.227707784189982,37.744754791259766,False
id_randomized,computed_torque_zero_residual,1055,-58.43014986037583,53,True,0.049018954182178505,20.529731471498494,40.0,False
id_randomized,computed_torque_zero_residual,1056,-239.84598074914885,250,False,0.4946090910838151,21.75832050198037,40.0,False
id_randomized,computed_torque_zero_residual,1057,-127.40179335707836,250,False,0.24315377234440547,16.794658422229013,40.0,False
id_randomized,computed_torque_zero_residual,1058,-104.35621344595302,250,False,0.16073478247157405,11.386797807082212,40.0,False
id_randomized,computed_torque_zero_residual,1059,-146.5442776059962,250,False,0.33911973905292864,13.177877433879,40.0,False
id_randomized,computed_torque_zero_residual,1060,-60.519978163497925,250,False,0.11058281829863287,3.1185193252656016,25.68881607055664,False
id_randomized,computed_torque_zero_residual,1061,-113.8886610151528,250,False,0.17712548746839518,17.414765449396874,40.0,False
id_randomized,computed_torque_zero_residual,1062,-224.82285433007982,250,False,0.546605829549066,10.859940263003082,40.0,False
id_randomized,computed_torque_zero_residual,1063,-157.53404218949356,250,False,0.3078512623225911,12.577925839467978,40.0,False
id_randomized,computed_torque_zero_residual,1064,-20.990693954718374,48,True,0.049579693993603936,9.083914326498245,40.0,False
id_randomized,computed_torque_zero_residual,1065,-160.8244893014722,250,False,0.26418080217856665,12.024237881649995,40.0,False
id_randomized,computed_torque_zero_residual,1066,-244.0264109574974,250,False,0.6602199545355848,9.995106457553078,40.0,False
id_randomized,computed_torque_zero_residual,1067,-253.9308757809815,250,False,0.21777582194768025,23.504020648124005,40.0,False
id_randomized,computed_torque_zero_residual,1068,-144.56383750944218,250,False,0.1763790549901355,15.015187508926102,40.0,False
id_randomized,computed_torque_zero_residual,1069,-165.48643180315986,250,False,0.4841550593728563,5.420054527102356,40.0,False
id_randomized,computed_torque_zero_residual,1070,-219.61115822021878,250,False,0.5525379902692638,10.625967321293686,40.0,False
id_randomized,computed_torque_zero_residual,1071,-167.010709726684,250,False,0.38802845766778915,8.424842931343509,40.0,False
id_randomized,computed_torque_zero_residual,1072,-212.48488623212143,250,False,0.5366849742855896,12.216859533201085,40.0,False
id_randomized,computed_torque_zero_residual,1073,-131.2393067239319,250,False,0.2682907294126837,10.187890200800375,40.0,False
id_randomized,computed_torque_zero_residual,1074,-118.09633596523334,250,False,0.31360200064202115,4.506188487803469,34.2866325378418,False
id_randomized,computed_torque_zero_residual,1075,-58.89277149008483,250,False,0.07516968175375977,4.844646174605092,37.18050003051758,False
id_randomized,computed_torque_zero_residual,1076,-239.16526130439368,250,False,0.5808035379762231,11.987487624690099,40.0,False
id_randomized,computed_torque_zero_residual,1077,-193.932120888702,250,False,0.5802800235773575,5.22471298970098,40.0,False
id_randomized,computed_torque_zero_residual,1078,-181.19653131480473,250,False,0.15502590301053343,14.063128489591676,40.0,False
id_randomized,computed_torque_zero_residual,1079,-172.68900093280433,250,False,0.4679307345713791,9.571887212142546,40.0,False
id_randomized,computed_torque_zero_residual,1080,-251.6089393941337,250,False,0.3043575322760671,13.24167787879024,40.0,False
id_randomized,computed_torque_zero_residual,1081,-260.2845657152887,250,False,0.7091430248151799,3.1025367157361123,40.0,False
id_randomized,computed_torque_zero_residual,1082,-279.70705526984557,250,False,0.4531182670996072,21.894759917399316,40.0,False
id_randomized,computed_torque_zero_residual,1083,-137.96672566669085,250,False,0.4006172085674896,5.044507073513558,35.25164031982422,False
id_randomized,computed_torque_zero_residual,1084,-196.5927173986988,250,False,0.21800842021274197,9.691385688865658,40.0,False
id_randomized,computed_torque_zero_residual,1085,-176.1640764508858,250,False,0.5238535951286702,5.66515241656598,40.0,False
id_randomized,computed_torque_zero_residual,1086,-134.81344732091296,250,False,0.16929952997363856,1.6477485286903193,32.10157012939453,False
id_randomized,computed_torque_zero_residual,1087,-155.51699675899263,250,False,0.3965392563164538,11.65433678906396,40.0,False
id_randomized,computed_torque_zero_residual,1088,-254.1222573427192,250,False,0.7679952615335816,10.67175691955642,40.0,False
id_randomized,computed_torque_zero_residual,1089,-145.4194095924668,250,False,0.2689737490116389,8.352417773069238,40.0,False
id_randomized,computed_torque_zero_residual,1090,-19.80666534964577,55,True,0.0498195639854311,6.66330168516055,40.0,False
id_randomized,computed_torque_zero_residual,1091,-190.50120738963096,250,False,0.5749913554922013,6.862124387582651,40.0,False
id_randomized,computed_torque_zero_residual,1092,-162.74968084387203,250,False,0.2743405945230659,13.505988566429052,40.0,False
id_randomized,computed_torque_zero_residual,1093,-111.27120479985402,250,False,0.2807589703447996,6.0275857155744434,40.0,False
id_randomized,computed_torque_zero_residual,1094,-32.015047386264776,50,True,0.04859701028599869,14.845333596132635,40.0,False
id_randomized,computed_torque_zero_residual,1095,-196.7067962738112,250,False,0.501929922329442,11.93920711661212,40.0,False
id_randomized,computed_torque_zero_residual,1096,-101.65469133607398,250,False,0.19148602224051933,4.493931520437165,40.0,False
id_randomized,computed_torque_zero_residual,1097,-173.82178159231074,250,False,0.17950710641223433,10.620366061924033,40.0,False
id_randomized,computed_torque_zero_residual,1098,-177.09537125967162,250,False,0.4795986353301654,7.073445554169874,40.0,False
id_randomized,computed_torque_zero_residual,1099,-209.9899467401185,250,False,0.3810935962724874,16.995736179042083,40.0,False
ood_dynamics,computed_torque_zero_residual,1000,-259.13909493015035,250,False,0.38982061978374666,8.802712308504692,40.0,False
ood_dynamics,computed_torque_zero_residual,1001,-184.74761101232812,250,False,0.5105295889367377,10.97060571201689,40.0,False
ood_dynamics,computed_torque_zero_residual,1002,-296.56683517860995,250,False,0.47605318090036014,9.625720189667604,40.0,False
ood_dynamics,computed_torque_zero_residual,1003,-344.8364324505363,250,False,1.0470257436201909,9.896032466263692,40.0,False
ood_dynamics,computed_torque_zero_residual,1004,-479.2070509037786,250,False,1.6363825809856263,6.20395660232921,40.0,False
ood_dynamics,computed_torque_zero_residual,1005,-389.22617822660703,250,False,1.1769782107295383,11.046189633004477,40.0,False
ood_dynamics,computed_torque_zero_residual,1006,-442.69140417062994,250,False,1.509747480185596,5.494209878907186,40.0,False
ood_dynamics,computed_torque_zero_residual,1007,-369.85266219294573,250,False,0.6001144352894745,9.072434041986039,40.0,False
ood_dynamics,computed_torque_zero_residual,1008,-314.83179455833863,250,False,0.9042486078849403,9.35934583828637,40.0,False
ood_dynamics,computed_torque_zero_residual,1009,-201.16421878799213,250,False,0.641090556189309,7.406277677766579,40.0,False
ood_dynamics,computed_torque_zero_residual,1010,-181.08511799569752,250,False,0.30608005445095937,9.04578748789269,40.0,False
ood_dynamics,computed_torque_zero_residual,1011,-303.70842652943924,250,False,1.1305039445094882,7.0570307777264425,40.0,False
ood_dynamics,computed_torque_zero_residual,1012,-255.49767284471096,250,False,1.1642274966157864,4.750299215290217,40.0,False
ood_dynamics,computed_torque_zero_residual,1013,-398.0801926418928,250,False,1.2395702088073617,11.02790093118375,40.0,False
ood_dynamics,computed_torque_zero_residual,1014,-309.2091153202378,250,False,0.8562496514426126,4.337633341398489,40.0,False
ood_dynamics,computed_torque_zero_residual,1015,-304.4421230482052,250,False,1.2008360668155782,11.859211142403224,40.0,False
ood_dynamics,computed_torque_zero_residual,1016,-267.15985382750483,250,False,0.6886572853431833,3.5998071228366686,40.0,False
ood_dynamics,computed_torque_zero_residual,1017,-226.47491240024397,250,False,0.6815289841698067,6.538184407812959,40.0,False
ood_dynamics,computed_torque_zero_residual,1018,-328.67530406085683,250,False,1.1931049984575592,5.639047807329746,40.0,False
ood_dynamics,computed_torque_zero_residual,1019,-242.54216767921585,250,False,0.3921072698081676,9.229294220802744,40.0,False
ood_dynamics,computed_torque_zero_residual,1020,-253.00503314575977,250,False,0.5527735045458657,11.636003394892677,40.0,False
ood_dynamics,computed_torque_zero_residual,1021,-198.66583828432232,250,False,0.5092011633469132,10.134290655397173,40.0,False
ood_dynamics,computed_torque_zero_residual,1022,-364.62166754927773,250,False,1.227501974668482,9.698474435561359,40.0,False
ood_dynamics,computed_torque_zero_residual,1023,-387.46681503094214,250,False,1.210040075518619,15.351163573404541,40.0,False
ood_dynamics,computed_torque_zero_residual,1024,-322.3013003010094,250,False,0.7364331924836932,4.8797856084734645,40.0,False
ood_dynamics,computed_torque_zero_residual,1025,-263.1186767710995,250,False,0.5118685553392723,9.52751165082374,40.0,False
ood_dynamics,computed_torque_zero_residual,1026,-240.16306218998406,250,False,0.2463772746834361,26.25503154940717,40.0,False
ood_dynamics,computed_torque_zero_residual,1027,-295.59428990569086,250,False,0.8635782743854583,10.078691653988317,40.0,False
ood_dynamics,computed_torque_zero_residual,1028,-294.9676024340976,250,False,0.8860697489507937,6.051101294222806,40.0,False
ood_dynamics,computed_torque_zero_residual,1029,-223.00860324782144,250,False,0.613728833461122,5.584465414654316,40.0,False
ood_dynamics,computed_torque_zero_residual,1030,-282.7768740047172,250,False,0.697983106873955,16.281367276780255,40.0,False
ood_dynamics,computed_torque_zero_residual,1031,-278.8148818155751,250,False,0.6107295531122812,9.64320034490453,40.0,False
ood_dynamics,computed_torque_zero_residual,1032,-485.796360026377,250,False,1.6538192493516615,6.234395608964719,40.0,False
ood_dynamics,computed_torque_zero_residual,1033,-362.626234220437,250,False,1.2792208983121298,7.2450563892507915,40.0,False
ood_dynamics,computed_torque_zero_residual,1034,-359.7321941684378,250,False,0.8402184273432993,8.457763823760084,40.0,False
ood_dynamics,computed_torque_zero_residual,1035,-310.9068873684012,250,False,0.814491135078318,6.316987544955741,40.0,False
ood_dynamics,computed_torque_zero_residual,1036,-375.0217936022011,250,False,1.106619922107146,7.696018850232305,40.0,False
ood_dynamics,computed_torque_zero_residual,1037,-332.994817105647,250,False,0.6603819467659816,12.794647610263182,40.0,False
ood_dynamics,computed_torque_zero_residual,1038,-269.9264706082535,250,False,0.9594700840533132,7.86254093699062,40.0,False
ood_dynamics,computed_torque_zero_residual,1039,-252.85653899738085,250,False,1.09195532969523,4.009642115075212,40.0,False
ood_dynamics,computed_torque_zero_residual,1040,-307.92163628797215,250,False,0.928401661696782,4.1283459113735805,40.0,False
ood_dynamics,computed_torque_zero_residual,1041,-282.76616843118876,250,False,0.6019640313235975,12.970721563799032,40.0,False
ood_dynamics,computed_torque_zero_residual,1042,-202.32480248670964,250,False,0.2293394830884124,15.101789716983836,40.0,False
ood_dynamics,computed_torque_zero_residual,1043,-262.85617767775796,250,False,0.7299892347661263,18.369461108492544,40.0,False
ood_dynamics,computed_torque_zero_residual,1044,-178.21806989571746,250,False,0.4548625762991771,6.304242156505941,40.0,False
ood_dynamics,computed_torque_zero_residual,1045,-189.15371785983143,250,False,0.32354520444065327,9.015244450518038,40.0,False
ood_dynamics,computed_torque_zero_residual,1046,-312.4504559233785,250,False,0.69540884610312,10.429439069854721,40.0,False
ood_dynamics,computed_torque_zero_residual,1047,-351.6513421960336,250,False,0.35359486419027447,17.583093244774616,40.0,False
ood_dynamics,computed_torque_zero_residual,1048,-410.24235589498466,250,False,1.4882114836527292,9.810158258136772,40.0,False
ood_dynamics,computed_torque_zero_residual,1049,-248.15832845674075,250,False,0.6254880676798261,17.03794522539071,40.0,False
ood_dynamics,computed_torque_zero_residual,1050,-283.1511286621666,250,False,0.8943028026866928,13.555939897534603,40.0,False
ood_dynamics,computed_torque_zero_residual,1051,-338.9101136936569,250,False,0.8591928937430356,12.962967772880289,40.0,False
ood_dynamics,computed_torque_zero_residual,1052,-284.7128066928031,250,False,0.6629321842643509,12.341932762139987,40.0,False
ood_dynamics,computed_torque_zero_residual,1053,-381.13632630405004,250,False,0.9758837781695722,5.033133604409754,40.0,False
ood_dynamics,computed_torque_zero_residual,1054,-281.4002274721387,250,False,0.7438856803423081,4.1171393780972725,40.0,False
ood_dynamics,computed_torque_zero_residual,1055,-326.99848910541584,250,False,1.0102319393727908,12.389167353319376,40.0,False
ood_dynamics,computed_torque_zero_residual,1056,-363.3581360501128,250,False,0.9461794645490564,23.577310295332204,40.0,False
ood_dynamics,computed_torque_zero_residual,1057,-228.95005383345418,250,False,0.6064027322665285,13.671582837790808,40.0,False
ood_dynamics,computed_torque_zero_residual,1058,-156.23662076670487,250,False,0.32964331955395043,10.409592152708278,40.0,False
ood_dynamics,computed_torque_zero_residual,1059,-223.15623598322045,250,False,0.5473908939537121,10.747373550162003,40.0,False
ood_dynamics,computed_torque_zero_residual,1060,-365.41061831100075,250,False,1.0300193094198653,3.6684848848267384,40.0,False
ood_dynamics,computed_torque_zero_residual,1061,-278.7294732736255,250,False,0.8048824897018791,12.096061848369956,40.0,False
ood_dynamics,computed_torque_zero_residual,1062,-334.50839365497507,250,False,0.8651567793558977,15.0790023298351,40.0,False
ood_dynamics,computed_torque_zero_residual,1063,-362.0836609483648,250,False,1.028955357945969,9.669776691445488,40.0,False
ood_dynamics,computed_torque_zero_residual,1064,-320.66507978498817,250,False,0.8715203182802996,8.44395712909486,40.0,False
ood_dynamics,computed_torque_zero_residual,1065,-389.71467538196237,250,False,1.2220648684228528,9.092180792563486,40.0,False
ood_dynamics,computed_torque_zero_residual,1066,-357.84871707232656,250,False,0.940370018607859,8.230467130342465,40.0,False
ood_dynamics,computed_torque_zero_residual,1067,-320.38335288778524,250,False,0.5838060866649711,12.131559439964219,40.0,False
ood_dynamics,computed_torque_zero_residual,1068,-378.33527559225615,250,False,1.014049690787467,10.941533654416007,40.0,False
ood_dynamics,computed_torque_zero_residual,1069,-370.70043041165763,250,False,1.113313830350829,5.381746706930099,40.0,False
ood_dynamics,computed_torque_zero_residual,1070,-359.26356597133554,250,False,0.812625492989362,8.011320764606998,40.0,False
ood_dynamics,computed_torque_zero_residual,1071,-428.42863024535325,250,False,1.2504563087597225,22.43897315775655,40.0,False
ood_dynamics,computed_torque_zero_residual,1072,-411.29542583497846,250,False,1.291083944582919,9.04019272242446,40.0,False
ood_dynamics,computed_torque_zero_residual,1073,-296.4106051448229,250,False,0.7244717855853966,21.696205144221132,40.0,False
ood_dynamics,computed_torque_zero_residual,1074,-435.8553265315033,250,False,1.4673381834279424,3.8592368623842668,40.0,False
ood_dynamics,computed_torque_zero_residual,1075,-217.0453039965436,250,False,0.5660672982061297,5.699388425995551,40.0,False
ood_dynamics,computed_torque_zero_residual,1076,-355.0840098675331,250,False,0.9527393549454707,10.949071689115634,40.0,False
ood_dynamics,computed_torque_zero_residual,1077,-329.60525200819296,250,False,1.07767949111642,5.780636917025778,40.0,False
ood_dynamics,computed_torque_zero_residual,1078,-247.74539048996496,250,False,0.40499441615169923,20.81510604193614,40.0,False
ood_dynamics,computed_torque_zero_residual,1079,-296.86234494511604,250,False,0.8267325456188674,13.431521689923136,40.0,False
ood_dynamics,computed_torque_zero_residual,1080,-445.9331537639083,250,False,1.114323275529759,16.5214743225179,40.0,False
ood_dynamics,computed_torque_zero_residual,1081,-423.2275171318475,250,False,1.037853379124013,6.409300519649756,40.0,False
ood_dynamics,computed_torque_zero_residual,1082,-382.87518920820736,250,False,1.2499493783684257,16.540500839167496,40.0,False
ood_dynamics,computed_torque_zero_residual,1083,-336.5122022245772,250,False,1.0390900418223055,4.760053053896168,40.0,False
ood_dynamics,computed_torque_zero_residual,1084,-312.02391879309096,250,False,0.4854893523488953,15.581555763459615,40.0,False
ood_dynamics,computed_torque_zero_residual,1085,-368.69535942153556,250,False,1.225652077690734,5.284333305942233,40.0,False
ood_dynamics,computed_torque_zero_residual,1086,-455.25316191873014,250,False,1.4314148705530918,5.101354517181679,40.0,False
ood_dynamics,computed_torque_zero_residual,1087,-238.1829102595898,250,False,0.6838566402836357,8.607354977161991,40.0,False
ood_dynamics,computed_torque_zero_residual,1088,-348.9222513299597,250,False,1.1333781054537595,8.815292762696128,40.0,False
ood_dynamics,computed_torque_zero_residual,1089,-525.2046814114206,250,False,1.3479399812363428,8.279932152748044,40.0,False
ood_dynamics,computed_torque_zero_residual,1090,-329.3039235122493,250,False,1.1463754202261531,7.45910551208439,40.0,False
ood_dynamics,computed_torque_zero_residual,1091,-291.61164067685775,250,False,1.0320038169790569,7.561761949799394,40.0,False
ood_dynamics,computed_torque_zero_residual,1092,-320.28984925883,250,False,0.6339090049798188,25.912596581164046,40.0,False
ood_dynamics,computed_torque_zero_residual,1093,-335.8731806073612,250,False,1.1371328476044302,6.663095807231374,40.0,False
ood_dynamics,computed_torque_zero_residual,1094,-270.34136816745115,250,False,0.8252536980746066,10.378884585138914,40.0,False
ood_dynamics,computed_torque_zero_residual,1095,-315.385893290338,250,False,0.9120309358151497,9.824396033591125,40.0,False
ood_dynamics,computed_torque_zero_residual,1096,-412.7924561579833,250,False,1.1803138763374015,5.3124147086669,40.0,False
ood_dynamics,computed_torque_zero_residual,1097,-243.02892501226816,250,False,0.3295810689185722,11.238874053480071,40.0,False
ood_dynamics,computed_torque_zero_residual,1098,-319.05371610860504,250,False,1.0232429243117867,7.1879321882468465,40.0,False
ood_dynamics,computed_torque_zero_residual,1099,-381.43109658371344,250,False,0.9929046990035734,15.751846235380574,40.0,False
motor_fault,computed_torque_zero_residual,1000,-286.98971300846847,250,False,0.6355432398451841,14.182459252456127,40.0,True
motor_fault,computed_torque_zero_residual,1001,-268.769125362496,250,False,0.8876490483531484,15.400868337370056,40.0,True
motor_fault,computed_torque_zero_residual,1002,-320.6554161780959,250,False,1.2115540975003687,4.944785681654002,40.0,True
motor_fault,computed_torque_zero_residual,1003,-305.4554298285558,250,False,1.102009922402914,7.356996886808246,40.0,True
motor_fault,computed_torque_zero_residual,1004,-202.77349873433312,250,False,0.16323014995585142,13.761739341070323,40.0,True
motor_fault,computed_torque_zero_residual,1005,-321.76296343882706,250,False,1.1965986494521526,7.00919335926925,40.0,True
motor_fault,computed_torque_zero_residual,1006,-200.6732916022501,250,False,0.13903166191646452,14.285678388425042,40.0,True
motor_fault,computed_torque_zero_residual,1007,-294.76090986577105,250,False,0.9653863879243783,13.336340994617805,40.0,True
motor_fault,computed_torque_zero_residual,1008,-383.8733306861854,250,False,1.4437166968754245,5.554445119003172,40.0,True
motor_fault,computed_torque_zero_residual,1009,-317.55807362526065,250,False,1.0057385196662414,14.688238659179907,40.0,True
motor_fault,computed_torque_zero_residual,1010,-234.087803355034,250,False,0.24372658922333354,14.36948871844206,40.0,True
motor_fault,computed_torque_zero_residual,1011,-335.21252975852286,250,False,1.2752012692626093,4.883682090145104,40.0,True
motor_fault,computed_torque_zero_residual,1012,-329.8739962530689,250,False,1.206403668704467,5.927654645446823,40.0,True
motor_fault,computed_torque_zero_residual,1013,-101.07069879737084,83,True,0.0077138864474055,11.546926039022296,40.0,True
motor_fault,computed_torque_zero_residual,1014,-298.9756760116518,250,False,1.0635554906664515,7.086879012398033,40.0,True
motor_fault,computed_torque_zero_residual,1015,-174.49169540835706,250,False,0.43322692122813145,14.837693708994513,40.0,True
motor_fault,computed_torque_zero_residual,1016,-274.31899204990935,250,False,0.9372739120702814,10.515066035025733,40.0,True
motor_fault,computed_torque_zero_residual,1017,-282.78733984562814,250,False,0.935977780375232,14.685519081560356,40.0,True
motor_fault,computed_torque_zero_residual,1018,-199.81020118086735,250,False,0.13658389241961919,18.409152579494798,40.0,True
motor_fault,computed_torque_zero_residual,1019,-248.31191439366393,250,False,0.8573014829069368,7.116531410273495,40.0,True
motor_fault,computed_torque_zero_residual,1020,-195.0603570103931,250,False,0.171618062488958,12.954317781796105,40.0,True
motor_fault,computed_torque_zero_residual,1021,-365.56314078008154,250,False,1.560586328782651,6.214720490238465,40.0,True
motor_fault,computed_torque_zero_residual,1022,-320.7531637623481,250,False,1.021054580762629,14.594613641522447,40.0,True
motor_fault,computed_torque_zero_residual,1023,-340.68563556423743,250,False,1.2216648322984318,8.688407684181051,40.0,True
motor_fault,computed_torque_zero_residual,1024,-202.89162337857806,250,False,0.4889311902195179,12.080141876379512,40.0,True
motor_fault,computed_torque_zero_residual,1025,-258.24104447236687,250,False,0.8881478215106874,3.956246689699933,30.063451766967773,True
motor_fault,computed_torque_zero_residual,1026,-226.83042478245534,250,False,0.6313536884532952,11.865340238222021,40.0,True
motor_fault,computed_torque_zero_residual,1027,-331.57893752660266,250,False,1.1017221356762092,3.7273184945632747,35.61821746826172,True
motor_fault,computed_torque_zero_residual,1028,-328.1404474790237,250,False,0.5322666033637407,28.06358675155662,40.0,True
motor_fault,computed_torque_zero_residual,1029,-148.53913959361216,250,False,0.33380679666629925,12.818888439031044,40.0,True
motor_fault,computed_torque_zero_residual,1030,-209.458953285405,250,False,0.7255770668686802,5.912687492291723,40.0,True
motor_fault,computed_torque_zero_residual,1031,-292.8271240325451,250,False,0.8673830371206285,9.460330508383395,40.0,True
motor_fault,computed_torque_zero_residual,1032,-191.1011669544995,250,False,0.13137848812403644,11.655363065047014,40.0,True
motor_fault,computed_torque_zero_residual,1033,-204.90574504225404,250,False,0.47379016902597804,16.189537788884678,40.0,True
motor_fault,computed_torque_zero_residual,1034,-167.03353514061405,250,False,0.5095018675113572,5.074219938853221,40.0,True
motor_fault,computed_torque_zero_residual,1035,-323.2396245614668,250,False,0.8477958430729848,11.595334456333607,40.0,True
motor_fault,computed_torque_zero_residual,1036,-278.6440965301297,250,False,1.1178723807277573,6.374521176754344,40.0,True
motor_fault,computed_torque_zero_residual,1037,-293.5665050963884,250,False,0.8749649590533591,13.673837232642747,40.0,True
motor_fault,computed_torque_zero_residual,1038,-227.15912532976884,250,False,0.4346762352012364,11.254300699204583,40.0,True
motor_fault,computed_torque_zero_residual,1039,-219.024919971947,250,False,0.32083156694648624,12.282066379729034,40.0,True
motor_fault,computed_torque_zero_residual,1040,-229.17186924812736,250,False,0.6856275330967029,13.40323536693983,40.0,True
motor_fault,computed_torque_zero_residual,1041,-196.38108531425925,250,False,0.4992706007610386,12.936929803751804,40.0,True
motor_fault,computed_torque_zero_residual,1042,-281.1691900183793,250,False,0.8493259844325739,14.694665193063539,40.0,True
motor_fault,computed_torque_zero_residual,1043,-257.17706185309925,250,False,0.8881285650577762,4.716921010823968,33.78084182739258,True
motor_fault,computed_torque_zero_residual,1044,-368.8678735731721,250,False,1.2594652613116024,4.75021448878252,37.64133834838867,True
motor_fault,computed_torque_zero_residual,1045,-226.08198744775973,250,False,0.23025479458874604,15.376144286755663,40.0,True
motor_fault,computed_torque_zero_residual,1046,-276.81271432610936,250,False,0.9487047618805243,8.3367750293625,40.0,True
motor_fault,computed_torque_zero_residual,1047,-310.0476246957227,250,False,1.0018558118138767,11.052736924337811,40.0,True
motor_fault,computed_torque_zero_residual,1048,-318.34495226619356,250,False,0.9965638048816337,12.931804330113826,40.0,True
motor_fault,computed_torque_zero_residual,1049,-265.17801403499635,250,False,0.8925246825119006,12.1474180320846,40.0,True
motor_fault,computed_torque_zero_residual,1050,-198.31057406114024,250,False,0.6796782544439248,4.844033673673733,40.0,True
motor_fault,computed_torque_zero_residual,1051,-170.53543755344302,250,False,0.1311885026244664,11.301904080305661,40.0,True
motor_fault,computed_torque_zero_residual,1052,-241.96941163733817,250,False,0.7644869359349369,10.231113859907522,40.0,True
motor_fault,computed_torque_zero_residual,1053,-318.1031669910817,250,False,1.0516365532088368,3.8137776125114358,40.0,True
motor_fault,computed_torque_zero_residual,1054,-191.62938148089503,250,False,0.42919725836899325,13.986513507419813,40.0,True
motor_fault,computed_torque_zero_residual,1055,-246.53950764200366,250,False,0.8230727961065301,13.809359961660979,40.0,True
motor_fault,computed_torque_zero_residual,1056,-243.66909834094363,250,False,0.6127819832352815,20.56476817554308,40.0,True
motor_fault,computed_torque_zero_residual,1057,-189.76363017900707,250,False,0.5880108888491546,8.221172688290586,40.0,True
motor_fault,computed_torque_zero_residual,1058,-243.0054323998573,250,False,0.6855136055074681,15.334367316796046,40.0,True
motor_fault,computed_torque_zero_residual,1059,-246.02188658003365,250,False,0.7853254185829097,9.936088037873452,40.0,True
motor_fault,computed_torque_zero_residual,1060,-268.55068156847284,250,False,0.9971110259209903,6.635658832886655,40.0,True
motor_fault,computed_torque_zero_residual,1061,-259.8884415622634,250,False,0.902422723443088,3.783115041806909,29.816688537597656,True
motor_fault,computed_torque_zero_residual,1062,-320.7038505168535,250,False,0.9147563323433309,11.633973470843035,40.0,True
motor_fault,computed_torque_zero_residual,1063,-317.30301053495356,250,False,1.249367424676152,10.087455069561024,40.0,True
motor_fault,computed_torque_zero_residual,1064,-261.2724384281966,250,False,0.9260273943147486,14.07108286081845,40.0,True
motor_fault,computed_torque_zero_residual,1065,-296.6770717436377,250,False,0.9962899948050722,14.15318504927032,40.0,True
motor_fault,computed_torque_zero_residual,1066,-313.7147205064191,250,False,1.0343370973313164,4.613566431442955,37.38758850097656,True
motor_fault,computed_torque_zero_residual,1067,-386.064898059061,250,False,1.4510552722480146,5.377115185820049,40.0,True
motor_fault,computed_torque_zero_residual,1068,-266.3671893162931,250,False,0.9610989861944852,9.993049093109471,40.0,True
motor_fault,computed_torque_zero_residual,1069,-164.75741932616376,250,False,0.32756010170524524,11.571557123507091,40.0,True
motor_fault,computed_torque_zero_residual,1070,-286.1613537361897,250,False,0.7150788240035483,9.677168057388188,40.0,True
motor_fault,computed_torque_zero_residual,1071,-221.99474675855916,250,False,0.2040043787942161,20.622358012469043,40.0,True
motor_fault,computed_torque_zero_residual,1072,-307.86189878571236,250,False,1.037546050832169,11.717304627309618,40.0,True
motor_fault,computed_torque_zero_residual,1073,-192.61762869386123,250,False,0.1701432483760214,11.992998306911893,40.0,True
motor_fault,computed_torque_zero_residual,1074,-251.22702565016604,250,False,0.6595011964287182,20.04297764602586,40.0,True
motor_fault,computed_torque_zero_residual,1075,-303.7641440009307,250,False,0.9997755139134816,8.982166204432648,40.0,True
motor_fault,computed_torque_zero_residual,1076,-183.15488949745463,250,False,1.2012154594626137,7.413933112949843,40.0,True
motor_fault,computed_torque_zero_residual,1077,-421.1609536232287,250,False,1.5721007490023022,5.206830654048494,40.0,True
motor_fault,computed_torque_zero_residual,1078,-291.5349729485823,250,False,1.0163217533948419,11.590755155375966,40.0,True
motor_fault,computed_torque_zero_residual,1079,-297.1320026796547,250,False,1.1524324055630468,6.795188164839235,40.0,True
motor_fault,computed_torque_zero_residual,1080,-233.18732225985798,250,False,0.5795947342405777,13.544862318528546,40.0,True
motor_fault,computed_torque_zero_residual,1081,-299.6155302851214,250,False,0.9709484745190996,10.371460267949347,40.0,True
motor_fault,computed_torque_zero_residual,1082,-294.67742038374905,250,False,0.8839621879869448,12.981011231175867,40.0,True
motor_fault,computed_torque_zero_residual,1083,-312.84602326422834,250,False,1.138534553060745,6.112750892987152,40.0,True
motor_fault,computed_torque_zero_residual,1084,-289.2429657322399,250,False,1.0588713471560114,6.4995443624765095,40.0,True
motor_fault,computed_torque_zero_residual,1085,-306.6069000854616,250,False,0.9217100239051854,18.25823523826757,40.0,True
motor_fault,computed_torque_zero_residual,1086,-307.0784900589946,250,False,1.1099702923701205,7.747097262950087,40.0,True
motor_fault,computed_torque_zero_residual,1087,-252.933605318774,250,False,0.6578182532833466,20.17837750196815,40.0,True
motor_fault,computed_torque_zero_residual,1088,-317.127247504702,250,False,1.0374826249098354,3.8846304428429095,36.66051483154297,True
motor_fault,computed_torque_zero_residual,1089,-271.8883531114815,250,False,0.7452950348258971,11.016495102253389,40.0,True
motor_fault,computed_torque_zero_residual,1090,-228.8320278271643,250,False,0.784262701809779,4.5734816201433075,31.303485870361328,True
motor_fault,computed_torque_zero_residual,1091,-354.183629449271,250,False,1.1878929168753969,4.201582227426626,36.37839126586914,True
motor_fault,computed_torque_zero_residual,1092,-291.04259409054185,250,False,1.1434281561566366,3.6958672778355215,35.63667678833008,True
motor_fault,computed_torque_zero_residual,1093,-350.9892813562086,250,False,1.389869275850973,4.103455493503276,33.12691879272461,True
motor_fault,computed_torque_zero_residual,1094,-192.41502419367762,250,False,0.4859724391058371,10.187514667121198,40.0,True
motor_fault,computed_torque_zero_residual,1095,-374.2425770078622,250,False,1.5596077601616907,4.907631977852517,35.71497344970703,True
motor_fault,computed_torque_zero_residual,1096,-164.26012759637274,250,False,0.30689948069915585,12.564749020692833,40.0,True
motor_fault,computed_torque_zero_residual,1097,-441.9374074704449,250,False,1.6523679820597805,5.823693513470923,40.0,True
motor_fault,computed_torque_zero_residual,1098,-302.4105796961338,250,False,0.7025870014430476,16.03193310023484,40.0,True
motor_fault,computed_torque_zero_residual,1099,-323.4904518325113,250,False,1.0637524397079483,3.28221782336234,36.98290252685547,True
